排名,代號,名稱,成交,漲跌 價,漲跌 幅,法人 買賣 日期,當日 賣出 佔 成交,2日 賣出 佔 成交,3日 賣出 佔 成交,5日 賣出 佔 成交,10日 賣出 佔 成交,1個月 賣出 佔 成交,3個月 賣出 佔 成交,半年 賣出 佔 成交,1年 賣出 佔 成交,3年 賣出 佔 成交,10年 賣出 佔 成交,今年 賣出 佔 成交
1,1736,喬山,125.5,3.5,2.87,09/04,0.0,43.2,25.4,27.2,17.2,4.76,2.27,1.64,1.7,0.93,1.19,1.3
2,6805,富世達,2200.0,105.0,5.01,09/04,0.0,29.6,40.0,24.8,9.94,4.8,6.54,8.38,6.3,,,8.27
3,5288,豐祥-KY,189.0,2.0,1.07,09/04,0.0,28.5,23.4,23.2,16.9,5.04,1.0,0.72,0.42,0.54,3.35,0.55
4,1419,新紡,66.9,0.5,0.75,09/04,0.0,36.9,31.1,22.7,14.2,6.72,1.67,0.82,0.17,0.1,0.06,0.49
5,7734,印能科技,2890.0,180.0,6.64,09/04,0.0,0.0,0.0,21.8,19.2,20.4,9.32,4.31,2.73,,,3.19
6,2535,達欣工,89.4,0.8,0.9,09/04,0.64,25.2,19.9,20.7,11.2,3.42,0.95,0.5,0.61,0.27,0.54,0.61
7,7769,鴻勁,5980.0,110.0,1.87,09/04,1.45,1.59,4.71,17.5,16.5,13.2,7.84,5.9,,,,3.73
8,3293,鈊象,709.0,6.0,0.85,09/04,0.0,0.04,31.5,17.2,21.7,18.2,9.71,6.63,4.97,4.7,3.14,6.52
9,4441,振大環球,175.0,3.5,2.04,09/04,0.0,0.0,0.0,16.2,9.17,2.46,0.92,1.37,,,,1.17
10,2727,王品,232.0,0.5,0.22,09/04,0.88,0.34,0.21,15.4,15.6,4.04,1.51,1.69,2.78,1.43,1.01,1.48
11,9938,百和,41.15,-0.1,-0.24,09/04,0.6,19.3,13.5,14.9,8.32,12.9,4.55,4.73,1.83,0.47,0.21,3.61
12,6274,台燿,1365.0,20.0,1.49,09/04,15.6,8.52,11.2,14.8,9.23,4.69,3.47,3.59,3.24,2.6,3.4,4.8
13,2393,億光,64.8,0.2,0.31,09/04,0.29,11.0,7.98,14.7,10.0,5.08,5.49,4.16,11.7,8.2,3.41,4.62
14,2015,豐興,64.9,0.5,0.78,09/04,0.0,19.1,12.3,14.5,7.53,2.81,0.73,3.66,4.98,9.18,3.59,4.37
15,00997A,主動群益美國增長,10.97,0.17,1.57,09/04,0.0,0.0,0.0,14.0,14.5,12.6,2.33,,,,,
16,2546,根基,107.5,0.5,0.47,09/04,0.0,14.9,12.5,14.0,6.74,1.91,0.93,0.59,0.38,0.82,0.31,0.5
17,5903,全家,185.0,0.5,0.27,09/04,0.0,0.0,0.0,13.8,7.37,2.95,1.0,0.43,9.51,2.72,1.98,7.33
18,2345,智邦,2100.0,10.0,0.48,09/04,3.0,8.82,10.5,12.7,12.0,8.99,5.18,3.68,3.54,4.11,3.69,3.79
19,2347,聯強,88.0,1.6,1.85,09/04,0.19,7.15,8.44,12.1,8.5,3.59,9.36,7.97,11.3,13.6,7.55,9.33
20,9939,宏全,131.5,0.0,0.0,09/04,0.89,0.88,5.83,12.0,15.6,3.32,1.25,1.74,1.95,0.39,0.11,1.53
21,2912,統一超,216.0,-0.5,-0.23,09/04,0.48,1.45,8.23,11.6,8.44,5.6,1.84,4.33,5.73,4.08,2.7,5.33
22,6831,邁科,605.0,20.0,3.42,09/04,9.44,5.51,9.42,11.6,8.69,7.76,5.9,2.95,,,,2.56
23,6005,群益證,32.75,0.4,1.24,09/04,0.43,14.7,11.8,10.8,6.85,2.59,16.1,13.0,11.3,10.4,5.08,12.0
24,2059,川湖,13860.0,410.0,3.05,09/04,12.7,13.2,11.9,10.3,8.06,6.12,4.37,3.05,5.72,4.33,3.37,5.18
25,6944,兆聯實業,696.0,1.0,0.14,09/04,0.0,8.85,8.73,9.99,6.57,2.89,0.62,0.46,0.59,,,0.86
26,2472,立隆電,225.0,18.0,8.7,09/04,0.03,0.93,0.76,9.46,5.63,6.48,2.23,1.13,1.0,0.75,0.58,1.23
27,3653,健策,5875.0,260.0,4.63,09/04,7.42,5.87,11.0,9.29,6.18,4.79,3.96,4.93,5.83,6.49,4.52,5.47
28,2880,華南金,44.0,0.55,1.27,09/04,0.48,9.32,9.31,9.27,8.57,5.45,8.89,7.77,6.81,6.05,2.66,7.21
29,6469,大樹,67.4,0.2,0.3,09/04,0.0,0.0,0.0,9.26,4.89,1.92,0.54,0.24,0.15,0.3,0.51,0.16
30,6202,盛群,58.8,1.8,3.16,09/04,0.0,10.4,7.88,8.41,4.28,1.31,0.14,0.09,0.06,0.4,0.63,0.07
31,1907,永豐餘,29.85,-0.45,-1.49,09/04,0.0,10.3,7.94,8.31,4.02,1.38,0.46,0.4,0.48,7.07,1.4,0.51
32,2383,台光電,5415.0,125.0,2.36,09/04,12.7,9.77,9.84,8.27,10.4,6.82,3.78,3.32,3.46,5.25,4.24,3.79
33,3211,順達,386.0,11.0,2.93,09/04,0.0,14.8,11.4,8.19,6.48,5.94,4.36,4.28,4.85,2.83,2.2,4.59
34,2049,上銀,363.0,18.5,5.37,09/04,0.04,1.06,7.43,7.9,5.89,3.68,2.61,1.27,0.89,1.79,1.56,1.03
35,00850,元大臺灣ESG永續,92.65,1.6,1.76,09/04,0.0,17.6,14.7,7.87,4.97,2.78,0.96,0.99,1.01,1.16,,1.08
36,00965,元大航太防衛科技,25.24,0.32,1.28,09/04,0.0,0.0,9.9,7.77,4.66,9.05,4.65,4.2,6.05,,,4.4
37,3711,日月光投控,588.0,-1.0,-0.17,09/04,0.12,0.4,10.1,7.6,7.33,10.2,7.16,5.47,5.68,6.11,,4.84
38,3227,原相,192.0,0.5,0.26,09/04,0.0,0.0,0.9,7.47,8.8,7.41,3.4,2.74,2.25,2.16,1.65,2.92
39,4979,華星光,629.0,57.0,9.97,09/04,0.0,0.0,2.53,7.32,1.83,1.35,2.1,2.4,1.28,1.05,0.92,1.73
40,4123,晟德,30.15,-0.4,-1.31,09/04,0.0,8.02,5.76,7.14,3.67,1.12,0.42,0.23,0.26,0.12,0.06,0.2
41,1477,聚陽,196.5,2.5,1.29,09/04,0.18,8.49,6.85,6.86,4.62,1.55,10.3,7.51,9.39,8.26,4.88,7.49
42,3037,欣興,902.0,-21.0,-2.28,09/04,11.0,8.75,8.0,6.64,5.02,3.55,1.99,2.45,1.7,2.07,1.7,1.8
43,6285,啟碁,243.5,10.0,4.28,09/04,6.91,8.12,9.1,6.64,3.61,1.57,3.35,2.04,1.74,3.63,3.1,1.53
44,2441,超豐,116.0,2.5,2.2,09/04,0.0,9.01,8.66,6.53,3.11,1.12,3.85,2.98,2.19,2.3,2.96,2.5
45,8046,南電,1055.0,-25.0,-2.31,09/04,2.32,6.64,7.04,6.36,4.78,2.91,2.17,2.07,1.32,0.64,0.2,1.65
46,6435,大中,246.0,9.0,3.8,09/04,0.0,0.0,0.0,6.26,7.06,3.04,0.58,0.28,0.2,0.13,0.75,0.23
47,2886,兆豐金,49.55,-0.85,-1.69,09/04,0.19,3.33,3.31,6.07,5.9,4.15,2.06,2.67,3.85,6.18,3.57,2.87
48,2812,台中銀,19.35,-0.1,-0.51,09/04,0.01,9.04,4.69,6.05,4.39,2.32,0.69,0.39,0.87,0.64,0.56,0.43
49,4966,譜瑞-KY,569.0,11.0,1.97,09/04,6.4,1.26,0.9,5.99,11.5,7.55,8.62,4.33,3.65,3.46,3.69,4.03
50,1216,統一,75.6,0.0,0.0,09/04,0.81,1.47,4.35,5.93,4.03,3.37,1.72,4.7,5.43,7.66,3.66,6.4
51,8028,昇陽半導體,239.0,2.5,1.06,09/04,0.08,0.03,5.43,5.8,4.2,10.7,3.66,1.22,0.75,0.18,,1.16
52,4551,智伸科,171.5,10.5,6.52,09/04,17.3,12.3,9.62,5.76,3.91,1.58,4.04,3.36,3.73,3.13,5.34,2.96
53,2105,正新,30.95,0.25,0.81,09/04,1.07,8.65,5.84,5.7,7.84,2.61,3.27,2.52,8.98,7.56,4.02,8.48
54,7751,竑騰,1610.0,145.0,9.9,09/04,0.0,0.0,0.0,5.62,2.52,4.83,4.85,5.14,2.41,,,3.58
55,5347,世界,150.0,3.0,2.04,09/04,0.0,0.0,6.39,5.54,5.36,6.55,6.4,6.19,7.41,7.39,5.19,6.61
56,3413,京鼎,282.5,2.5,0.89,09/04,0.0,0.0,4.91,5.47,4.16,2.36,0.5,1.29,1.61,2.43,1.85,1.23
57,9914,美利達,79.3,-0.3,-0.38,09/04,0.22,6.4,4.67,5.22,2.01,0.36,0.25,0.16,0.19,0.07,0.02,0.14
58,6187,萬潤,1305.0,5.0,0.38,09/04,0.0,0.0,0.46,5.14,3.66,5.19,4.34,3.65,2.74,1.79,1.96,2.9
59,6415,矽力*-KY,428.5,17.5,4.26,09/04,0.09,8.12,5.36,5.13,4.52,5.4,5.25,2.77,2.5,2.36,2.34,2.79
60,3023,信邦,340.0,15.0,4.62,09/04,0.12,5.02,3.25,5.04,4.82,3.64,2.5,3.56,3.2,2.9,2.66,3.47
61,3264,欣銓,227.0,1.0,0.44,09/04,11.0,4.66,10.6,4.95,10.1,5.14,5.26,4.79,3.92,5.94,4.21,4.26
62,2801,彰銀,26.6,0.0,0.0,09/04,0.25,5.11,4.11,4.85,3.58,2.79,0.76,1.16,3.38,3.47,1.77,3.58
63,4746,台耀,45.35,-0.65,-1.41,09/04,0.0,0.0,0.0,4.83,3.54,1.78,0.66,0.33,0.19,1.69,1.08,0.25
64,6139,亞翔,736.0,24.0,3.37,09/04,7.4,6.15,5.14,4.74,4.44,3.78,1.42,1.83,1.76,1.21,0.78,1.62
65,5876,上海商銀,46.3,0.35,0.76,09/04,0.25,0.25,2.59,4.73,4.44,5.06,5.05,4.9,11.1,9.32,,6.36
66,5871,中租-KY,111.5,0.0,0.0,09/04,0.34,8.55,7.12,4.63,3.75,3.39,2.31,3.2,8.4,5.6,3.13,4.93
67,5274,信驊,17470.0,-380.0,-2.13,09/04,0.41,0.12,0.12,4.59,9.05,7.6,6.75,5.8,4.17,4.27,4.6,5.09
68,8210,勤誠,986.0,38.0,4.01,09/04,0.65,0.94,0.52,4.54,4.69,9.46,9.78,5.98,2.43,0.57,0.31,3.96
69,5880,合庫金,26.65,-0.05,-0.19,09/04,0.34,6.19,3.96,4.44,3.39,1.44,0.88,0.8,0.97,0.98,0.52,0.78
70,1560,中砂,695.0,-16.0,-2.25,09/04,14.3,8.3,6.77,4.38,4.47,6.95,3.12,3.78,3.0,2.82,1.81,3.49
71,2376,技嘉,361.0,10.5,3.0,09/04,8.51,4.66,3.69,4.37,7.9,3.76,3.22,2.0,2.41,3.07,2.81,2.14
72,2233,宇隆,168.5,3.5,2.12,09/04,21.7,10.5,7.28,4.3,2.03,0.91,0.26,0.38,0.54,0.69,2.13,0.32
73,3081,聯亞,3170.0,50.0,1.6,09/04,11.7,7.35,6.39,4.27,2.65,2.27,4.13,4.51,3.08,1.48,1.7,3.67
74,6510,精測,3350.0,0.0,0.0,09/04,0.0,0.0,2.16,4.2,6.34,6.25,9.9,10.0,7.53,6.05,3.88,9.06
75,2603,長榮,233.0,-6.0,-2.51,09/04,0.05,0.2,0.39,4.07,5.45,2.59,3.81,4.32,4.9,3.97,1.08,5.16
76,2327,國巨*,562.0,51.0,9.98,09/04,0.09,0.76,1.99,4.07,4.92,3.17,2.64,2.1,1.61,1.66,1.44,1.98
77,6196,帆宣,516.0,16.0,3.2,09/04,0.04,2.11,2.99,3.94,3.04,5.35,2.51,1.17,4.13,2.3,1.11,1.05
78,6446,藥華藥,1310.0,-40.0,-2.96,09/04,0.06,0.16,0.63,3.93,2.28,1.63,0.88,1.44,2.05,1.57,1.38,1.34
79,3044,健鼎,488.5,1.0,0.21,09/04,0.81,0.8,0.84,3.9,2.59,1.24,6.14,5.63,8.91,9.48,5.81,6.4
80,3189,景碩,819.0,44.0,5.68,09/04,0.9,3.45,2.67,3.84,2.3,1.91,1.65,1.84,1.22,1.52,1.89,1.18
81,6488,環球晶,981.0,54.0,5.83,09/04,0.31,0.16,1.24,3.83,2.36,2.65,4.33,3.68,3.37,3.98,2.17,3.48
82,3033,威健,43.95,-0.2,-0.45,09/04,0.14,4.47,3.24,3.72,1.68,0.52,0.26,0.15,0.44,0.92,0.51,0.19
83,6223,旺矽,5155.0,110.0,2.18,09/04,6.66,1.79,2.96,3.5,14.9,13.4,6.42,4.92,5.41,3.47,2.25,5.8
84,2415,錩新,28.2,0.3,1.08,09/04,0.0,7.82,6.02,3.49,1.22,0.77,0.1,0.08,0.06,0.02,0.02,0.07
85,2368,金像電,1045.0,-55.0,-5.0,09/04,1.57,7.81,5.89,3.44,3.18,3.89,8.04,5.8,4.9,4.53,2.18,6.05
86,2885,元大金,69.8,1.3,1.9,09/04,0.44,1.39,2.72,3.29,3.51,6.62,9.45,10.5,12.8,7.44,2.76,11.5
87,8436,大江,112.5,0.5,0.45,09/04,6.91,4.31,3.2,3.26,2.01,0.89,2.01,2.05,1.25,0.34,0.06,1.48
88,2027,大成鋼,50.2,0.0,0.0,09/04,12.1,7.38,5.84,3.21,1.66,5.86,7.26,5.09,3.54,4.91,2.68,3.96
89,6213,聯茂,517.0,5.0,0.98,09/04,0.0,0.28,0.28,3.06,3.04,1.6,0.7,0.49,0.59,0.86,2.22,0.45
90,2308,台達電,1825.0,65.0,3.69,09/04,0.14,0.41,3.28,3.03,5.52,3.96,3.74,2.69,2.25,2.36,1.89,2.33
91,2476,鉅祥,121.0,-1.5,-1.22,09/04,0.0,3.58,2.9,2.94,1.24,0.58,0.12,0.15,0.1,0.09,0.1,0.13
92,4764,雙鍵,231.5,14.0,6.44,09/04,0.0,3.32,2.51,2.93,1.39,5.53,1.42,0.65,0.39,0.38,,0.48
93,2207,和泰車,539.0,18.0,3.45,09/04,0.52,3.03,5.3,2.86,2.09,1.38,17.5,11.7,8.37,4.52,2.07,10.2
94,2892,第一金,37.3,0.45,1.22,09/04,0.2,3.94,2.7,2.8,3.26,2.51,0.99,0.99,7.56,7.1,3.42,1.14
95,3008,大立光,7400.0,250.0,3.5,09/04,9.1,6.01,5.43,2.78,1.87,1.68,1.68,2.07,1.98,2.91,2.13,2.09
96,3665,貿聯-KY,2145.0,45.0,2.14,09/04,0.07,3.41,4.34,2.75,5.54,10.9,6.69,8.38,7.3,5.66,3.98,9.12
97,8016,矽創,293.5,3.5,1.21,09/04,0.32,0.31,5.91,2.73,2.4,12.7,4.1,3.06,2.57,1.11,0.15,3.66
98,3443,創意,5810.0,10.0,0.17,09/04,0.13,0.44,3.5,2.63,1.55,2.17,2.62,2.97,2.01,2.38,2.09,2.76
99,3017,奇鋐,3570.0,270.0,8.18,09/04,0.5,0.57,2.43,2.63,1.67,3.04,3.53,3.17,3.12,3.04,2.14,3.87
100,6768,志強-KY,64.1,0.1,0.16,09/04,10.1,12.6,6.43,2.56,2.49,7.49,6.1,3.26,4.44,2.74,,5.21
101,2330,台積電,2410.0,20.0,0.84,09/04,2.85,1.57,2.62,2.52,3.1,2.95,1.79,1.5,1.29,0.94,0.8,1.39
102,6515,穎崴,7075.0,75.0,1.07,09/04,5.81,2.79,1.68,2.49,6.53,15.1,14.6,12.4,7.04,5.29,,9.83
103,6282,康舒,44.0,0.8,1.85,09/04,0.0,2.98,2.18,2.47,1.2,0.42,0.07,0.13,0.08,0.19,0.22,0.11
104,2337,旺宏,121.5,4.5,3.85,09/04,3.39,1.53,2.45,2.45,1.38,2.39,1.51,1.45,0.76,1.12,1.39,1.04
105,3450,聯鈞,580.0,26.0,4.69,09/04,0.06,4.13,3.8,2.39,3.36,2.49,1.65,1.04,0.91,0.8,0.89,0.85
106,2360,致茂,2030.0,15.0,0.74,09/04,1.98,1.58,2.73,2.27,8.6,8.32,9.68,6.16,5.16,4.63,3.36,5.79
107,5234,達興材料,293.0,3.5,1.21,09/04,0.43,5.57,4.04,2.24,6.28,3.68,1.96,2.3,3.83,2.21,2.39,1.92
108,00772B,中信高評級公司債,32.39,0.03,0.09,09/04,0.0,0.0,0.0,2.18,1.19,0.4,0.13,0.05,0.03,0.0,,0.04
109,8271,宇瞻,217.0,0.0,0.0,09/04,0.0,2.38,1.82,2.13,0.7,0.29,0.17,0.1,0.03,0.03,0.02,0.06
110,5434,崇越,538.0,11.0,2.09,09/04,0.16,2.51,2.67,2.11,2.55,4.83,4.31,3.95,5.4,4.75,2.75,4.16
111,4532,瑞智,23.8,0.1,0.42,09/04,1.48,1.64,2.28,2.11,1.51,0.84,0.37,0.72,0.7,0.45,0.8,0.76
112,6491,晶碩,385.0,4.5,1.18,09/04,0.0,4.55,3.23,2.1,1.59,2.62,0.93,0.58,0.4,1.94,,0.5
113,1504,東元,72.2,1.2,1.69,09/04,0.22,4.75,4.09,2.08,0.83,0.4,0.55,0.95,3.02,3.68,2.41,1.09
114,3034,聯詠,524.0,-3.0,-0.57,09/04,0.36,1.76,3.52,2.02,1.55,1.68,4.29,5.61,8.25,8.21,4.09,6.56
115,2474,可成,209.5,3.0,1.45,09/04,2.53,3.92,2.93,2.0,1.28,0.63,4.19,7.7,11.0,12.6,4.37,9.46
116,6669,緯穎,2565.0,90.0,3.64,09/04,2.46,1.86,1.79,1.97,2.52,5.88,4.3,3.7,3.64,3.48,,4.18
117,2344,華邦電,174.0,5.0,2.96,09/04,6.97,2.81,2.92,1.95,1.45,2.46,2.5,1.92,1.16,1.03,1.0,1.64
118,3702,大聯大,104.0,2.0,1.96,09/04,1.08,2.77,2.44,1.94,2.9,4.52,6.33,9.08,11.4,12.9,7.79,9.64
119,4904,遠傳,104.0,0.5,0.48,09/04,0.45,3.71,1.59,1.93,6.19,5.96,9.3,9.75,10.2,10.2,5.73,10.0
120,00904,台新臺灣半導體30,40.53,0.52,1.3,09/04,14.5,6.43,4.48,1.86,1.13,0.54,0.1,0.03,0.01,0.06,,0.02
121,2504,國產,31.25,-0.25,-0.79,09/04,4.05,2.87,3.4,1.83,0.9,0.51,3.87,4.32,9.39,10.1,3.6,4.71
122,6782,視陽,229.5,-5.5,-2.34,09/04,16.6,6.96,5.1,1.8,0.68,3.37,2.02,1.15,1.15,2.68,,1.09
123,2404,漢唐,1070.0,35.0,3.38,09/04,0.06,1.11,1.93,1.78,1.16,2.51,8.55,7.34,7.54,9.32,5.0,6.99
124,6271,同欣電,237.0,21.5,9.98,09/04,0.0,0.0,0.0,1.77,1.12,0.58,0.92,1.06,0.78,0.92,3.48,0.88
125,2201,裕隆,31.1,-0.3,-0.96,09/04,0.1,3.07,1.78,1.74,1.44,0.96,0.73,0.44,0.19,0.81,0.93,0.32
126,5522,遠雄,64.0,0.2,0.31,09/04,8.02,3.91,4.09,1.71,1.04,3.17,5.66,4.12,3.64,7.41,5.47,5.28
127,2379,瑞昱,713.0,6.0,0.85,09/04,1.57,0.9,2.84,1.66,1.65,1.85,1.94,4.93,6.04,7.72,4.21,5.08
128,2303,聯電,130.0,5.0,4.0,09/04,0.08,3.25,2.89,1.65,2.27,5.12,8.87,8.52,7.96,6.72,2.82,7.43
129,4938,和碩,95.4,5.0,5.53,09/04,0.49,2.09,1.97,1.65,1.54,0.87,5.66,4.05,8.79,8.23,3.98,6.11
130,5289,宜鼎,1360.0,15.0,1.12,09/04,0.0,0.0,1.57,1.65,1.11,0.51,3.69,2.83,2.06,2.99,2.47,2.38
131,2412,中華電,137.5,-0.5,-0.36,09/04,0.43,2.2,1.49,1.57,0.97,2.81,1.63,2.26,2.27,2.37,2.1,2.14
132,4105,東洋,77.0,-0.3,-0.39,09/04,2.37,1.66,2.38,1.55,0.81,0.32,3.18,1.79,1.14,0.74,1.67,1.49
133,2855,統一證,50.7,0.1,0.2,09/04,0.45,1.55,2.4,1.55,1.1,0.86,0.52,0.5,0.65,3.14,1.74,0.67
134,3036,文曄,192.5,2.0,1.05,09/04,0.89,1.16,0.62,1.47,1.42,3.67,12.3,12.7,10.8,7.12,5.51,11.6
135,3533,嘉澤,1685.0,15.0,0.9,09/04,0.23,3.1,1.75,1.43,5.84,6.04,7.73,5.82,5.26,5.07,5.98,4.9
136,2753,八方雲集,179.5,-0.5,-0.28,09/04,2.38,2.58,2.33,1.42,0.77,0.46,0.31,0.37,0.55,1.52,,0.55
137,1714,和桐,16.65,0.1,0.6,09/04,0.0,5.9,2.05,1.4,1.02,0.44,0.13,0.1,0.09,0.08,0.03,0.09
138,7750,新代,2415.0,215.0,9.77,09/04,0.0,3.0,2.18,1.38,0.47,0.68,0.47,0.89,,,,0.51
139,00991A,主動復華未來50,17.73,0.42,2.43,09/04,0.0,0.0,0.0,1.36,0.71,0.5,0.36,0.35,,,,0.31
140,2890,永豐金,42.85,0.25,0.59,09/04,0.24,0.82,1.39,1.35,1.51,1.96,1.13,3.32,3.21,7.7,3.64,3.38
141,6535,順藥,79.7,4.2,5.56,09/04,0.0,0.0,0.0,1.35,2.92,6.13,8.42,4.75,1.72,0.61,,3.65
142,2467,志聖,603.0,8.0,1.34,09/04,0.08,0.04,1.31,1.32,0.86,2.28,1.5,1.51,0.89,0.57,0.37,1.13
143,9907,統一實,15.25,-0.1,-0.65,09/04,2.48,1.41,2.21,1.26,0.7,0.52,16.0,10.9,6.02,2.35,0.78,9.14
144,6257,矽格,212.0,3.0,1.44,09/04,0.07,1.29,1.22,1.25,2.01,4.69,2.46,3.43,4.24,4.35,2.31,3.3
145,6189,豐藝,48.15,0.1,0.21,09/04,1.31,1.95,1.36,1.24,0.87,0.65,0.24,0.62,0.4,1.23,0.94,0.47
146,1795,美時,182.0,0.5,0.28,09/04,0.27,1.45,1.06,1.21,0.43,0.19,0.37,0.53,0.85,2.12,1.36,1.19
147,6683,雍智科技,1360.0,-25.0,-1.81,09/04,0.0,0.0,0.0,1.2,4.61,4.1,1.84,2.18,1.47,1.37,,1.82
148,2834,臺企銀,17.0,-0.1,-0.58,09/04,0.58,2.81,2.33,1.17,1.03,0.85,0.45,0.32,0.39,0.97,0.48,0.3
149,6197,佳必琪,315.0,16.0,5.35,09/04,0.03,1.53,0.73,1.17,0.86,0.47,0.14,0.1,0.92,0.61,0.42,0.33
150,3005,神基,115.0,2.0,1.77,09/04,0.17,1.05,1.42,1.16,0.83,0.35,5.77,6.91,8.13,5.79,4.24,7.42
151,1717,長興,76.1,-0.7,-0.91,09/04,8.43,4.69,2.94,1.15,0.78,0.46,0.21,0.47,0.33,0.28,0.37,0.36
152,2408,南亞科,496.0,18.5,3.87,09/04,2.32,1.89,1.66,1.11,0.96,0.66,0.91,1.21,0.84,1.25,1.69,1.2
153,0050,元大台灣50,107.9,1.7,1.6,09/04,0.0,1.05,2.33,1.11,0.56,0.75,0.14,0.15,0.28,0.45,0.54,0.2
154,1612,宏泰,34.85,0.1,0.29,09/04,1.2,1.55,1.14,1.03,0.6,0.31,0.31,0.4,0.33,0.16,0.08,0.28
155,6691,洋基工程,619.0,16.0,2.65,09/04,0.28,1.24,1.56,1.01,0.53,1.13,0.56,1.83,1.76,5.66,,2.04
156,2882,國泰金,115.0,2.5,2.22,09/04,0.4,1.2,0.85,0.99,1.04,1.0,6.68,13.5,14.0,6.33,3.04,13.2
157,2204,中華,54.1,-0.3,-0.55,09/04,1.47,1.04,1.43,0.97,0.61,7.91,4.73,3.6,3.93,3.95,2.86,3.89
158,2881,富邦金,150.5,3.5,2.38,09/04,0.27,0.14,1.85,0.97,0.47,1.72,4.87,12.5,11.3,6.07,2.85,12.9
159,1513,中興電,165.5,3.0,1.85,09/04,1.15,3.13,2.18,0.96,1.54,0.65,1.36,0.94,0.9,0.49,0.76,0.92
160,2385,群光,110.5,3.0,2.79,09/04,0.18,1.25,1.51,0.96,0.81,3.9,9.45,7.68,12.0,11.1,6.77,9.87
161,2528,皇普,20.25,0.45,2.27,09/04,0.0,0.0,2.02,0.96,0.51,0.3,0.48,0.45,0.2,0.07,0.04,0.33
162,2375,凱美,125.0,7.0,5.93,09/04,0.0,1.12,0.94,0.95,0.39,0.17,0.04,0.02,0.01,0.01,0.18,0.02
163,2387,精元,36.4,-0.2,-0.55,09/04,0.41,0.24,1.43,0.95,0.52,0.19,0.17,0.05,0.26,0.36,1.13,0.09
164,2454,聯發科,4415.0,75.0,1.73,09/04,0.09,0.46,0.29,0.94,1.97,5.23,4.79,4.02,3.38,4.39,2.26,3.67
165,2610,華航,20.45,-0.1,-0.49,09/04,2.16,2.41,1.58,0.91,0.42,0.44,1.77,2.26,3.1,2.2,1.0,3.02
166,2547,日勝生,9.98,-0.01,-0.1,09/04,2.07,1.06,1.66,0.89,0.53,0.18,0.08,0.09,0.14,0.28,0.13,0.09
167,1307,三芳,30.45,0.1,0.33,09/04,0.75,1.15,0.79,0.88,0.72,0.45,0.4,0.56,1.27,1.02,0.73,0.55
168,2317,鴻海,256.0,8.5,3.43,09/04,0.12,0.81,1.16,0.87,0.81,1.71,1.16,0.95,1.64,1.58,1.07,1.26
169,8021,尖點,420.0,6.5,1.57,09/04,6.19,1.89,1.41,0.86,0.99,1.43,1.18,1.18,0.25,0.16,0.13,0.71
170,4772,台特化,248.0,1.0,0.4,09/04,0.0,0.0,0.0,0.85,0.4,0.21,0.13,0.26,0.68,,,0.42
171,8069,元太,148.5,1.5,1.02,09/04,0.0,0.0,0.11,0.85,0.58,0.35,2.36,1.54,1.0,0.43,0.09,1.3
172,3529,力旺,2385.0,55.0,2.36,09/04,0.0,0.04,1.35,0.84,1.02,2.39,4.72,5.47,4.83,5.16,4.21,4.69
173,3324,雙鴻,1485.0,135.0,10.0,09/04,0.0,0.0,1.82,0.84,0.53,0.33,0.17,0.64,0.99,1.51,2.27,0.82
174,2480,敦陽科,156.0,0.5,0.32,09/04,1.06,2.34,1.05,0.84,0.58,0.3,0.26,0.66,1.23,1.14,0.94,0.65
175,2247,汎德永業,231.5,2.0,0.87,09/04,0.15,0.12,1.45,0.83,0.43,0.21,0.17,1.93,1.24,4.3,,1.78
176,2371,大同,28.15,0.55,1.99,09/04,0.0,1.15,0.8,0.83,0.29,0.17,0.49,0.37,1.79,0.68,0.26,0.49
177,2718,全心投控,41.0,-0.5,-1.2,09/04,0.0,0.0,1.51,0.82,0.14,0.1,0.1,0.05,0.02,0.01,0.0,0.04
178,2395,研華,711.0,37.0,5.49,09/04,0.12,0.45,1.01,0.81,0.82,0.46,1.19,1.37,1.51,1.65,1.52,1.13
179,6121,新普,397.0,2.5,0.63,09/04,0.17,0.06,0.21,0.8,5.77,1.78,13.5,12.2,15.7,12.5,5.61,15.4
180,6177,達麗,49.2,0.45,0.92,09/04,0.0,0.0,0.98,0.8,0.45,0.16,0.15,2.81,4.85,3.68,2.53,3.73
181,3167,大量,803.0,73.0,10.0,09/04,0.02,1.59,1.39,0.8,0.37,0.49,2.76,2.8,1.29,0.45,0.39,2.44
182,6442,光聖,1755.0,-15.0,-0.85,09/04,2.75,0.93,0.66,0.8,1.46,1.19,2.01,3.52,2.39,0.98,0.79,3.07
183,8070,長華*,50.5,1.3,2.64,09/04,0.45,0.41,0.89,0.79,0.48,4.33,6.37,7.09,3.78,1.4,0.81,6.42
184,6584,南俊國際,634.0,5.0,0.79,09/04,0.0,0.0,1.25,0.79,0.45,0.25,1.36,1.86,2.26,1.09,,2.47
185,5904,寶雅*,72.1,1.5,2.12,09/04,0.0,0.0,0.0,0.78,1.51,0.75,0.86,0.97,1.05,3.24,3.36,0.95
186,1590,亞德客-KY,1395.0,20.0,1.45,09/04,0.9,0.71,1.49,0.78,0.4,7.61,3.53,2.46,1.69,2.02,2.07,1.98
187,2891,中信金,68.4,0.9,1.33,09/04,0.48,1.05,0.7,0.78,0.64,2.81,6.87,8.93,12.2,6.9,3.36,9.65
188,3617,碩天,248.0,6.5,2.69,09/04,0.0,0.0,1.28,0.77,0.58,0.19,0.1,0.2,4.43,2.26,1.84,2.93
189,3014,聯陽,131.5,1.0,0.77,09/04,0.11,0.17,1.13,0.76,0.72,1.57,0.73,0.67,2.23,5.8,1.8,1.19
190,6147,頎邦,182.5,-6.5,-3.44,09/04,0.0,0.0,0.08,0.74,0.65,0.82,3.52,2.25,3.1,5.78,3.75,2.39
191,5536,聖暉*,853.0,36.0,4.41,09/04,0.36,0.1,0.18,0.7,0.9,16.6,9.71,5.3,6.08,5.78,3.55,5.97
192,6703,軒郁,103.5,1.5,1.47,09/04,0.0,0.0,1.2,0.7,0.38,0.16,0.11,0.04,0.02,0.3,,0.03
193,2357,華碩,1025.0,54.0,5.56,09/04,0.4,0.68,0.74,0.68,1.06,3.32,6.75,5.36,5.65,6.54,3.98,5.67
194,6743,安普新,28.6,0.1,0.35,09/04,1.6,0.79,1.06,0.68,0.34,0.18,0.1,0.05,0.04,0.01,,0.04
195,2031,新光鋼,44.95,-0.4,-0.88,09/04,0.48,0.91,0.68,0.67,0.38,0.1,0.23,0.38,0.41,1.25,1.53,0.3
196,2451,創見,284.5,-1.5,-0.52,09/04,0.04,0.1,0.99,0.67,0.46,0.63,3.79,3.45,3.69,4.8,4.19,3.2
197,6239,力成,276.5,1.5,0.55,09/04,1.22,1.24,1.38,0.65,1.52,1.95,3.84,4.48,5.68,6.34,4.47,4.35
198,8464,億豐,373.5,6.0,1.63,09/04,1.16,0.67,0.31,0.63,0.53,0.29,0.46,1.72,0.53,0.13,0.06,0.57
199,8938,明安,52.7,1.9,3.74,09/04,0.0,0.0,1.16,0.63,0.32,0.24,0.16,0.05,0.02,0.06,0.0,0.03
200,8924,大田,51.3,1.0,1.99,09/04,0.0,0.0,0.8,0.62,0.38,0.22,0.14,0.05,0.03,0.01,0.0,0.04
201,2883,凱基金,36.7,0.8,2.23,09/04,0.14,0.45,0.8,0.62,2.83,1.79,2.31,3.34,3.35,3.68,2.51,3.14
202,8442,威宏-KY,45.55,0.25,0.55,09/04,0.0,0.0,2.28,0.61,0.12,0.1,0.13,0.07,0.04,0.01,,0.06
203,3679,新至陞,105.5,-2.5,-2.31,09/04,0.0,0.0,0.8,0.61,0.26,0.17,0.19,0.1,0.22,0.07,0.02,0.08
204,2211,長榮鋼,83.0,-0.6,-0.72,09/04,1.29,0.97,0.68,0.61,0.42,0.17,0.37,2.96,3.01,9.74,,3.36
205,2002,中鋼,19.1,0.1,0.53,09/04,0.43,0.65,0.88,0.59,0.33,0.13,9.31,4.58,3.14,3.12,2.31,3.38
206,1301,台塑,66.0,0.3,0.46,09/04,0.0,0.6,0.39,0.58,0.35,0.28,3.3,2.38,1.55,1.59,2.15,1.81
207,9935,慶豐富,19.65,0.05,0.26,09/04,0.0,0.0,1.2,0.56,0.19,0.09,0.07,0.04,0.02,0.0,0.0,0.03
208,2353,宏碁,32.7,1.45,4.64,09/04,0.05,0.43,0.55,0.56,0.48,0.38,5.11,3.37,3.39,4.34,2.11,3.29
209,2377,微星,161.5,11.0,7.31,09/04,0.02,0.45,0.48,0.55,0.5,0.7,0.55,0.88,2.17,3.55,3.48,0.84
210,3265,台星科,176.5,3.5,2.02,09/04,0.0,0.0,0.76,0.51,0.42,0.37,0.55,0.99,0.61,0.58,0.4,0.68
211,2645,長榮航太,173.5,2.0,1.17,09/04,0.22,0.61,0.86,0.51,0.16,0.26,1.7,1.93,1.37,1.24,,1.69
212,8299,群聯,2015.0,15.0,0.75,09/04,0.81,0.37,1.62,0.51,0.48,2.02,2.33,3.09,1.26,0.73,0.34,2.01
213,5483,中美晶,183.5,7.5,4.26,09/04,0.0,0.0,0.12,0.51,0.78,0.86,1.41,1.78,2.31,5.04,2.55,2.01
214,9904,寶成,24.6,0.05,0.2,09/04,1.99,1.62,1.03,0.5,0.77,0.46,7.42,7.02,4.5,1.53,0.69,7.25
215,6409,旭隼,965.0,-7.0,-0.72,09/04,0.31,0.51,0.73,0.5,0.46,0.39,1.36,0.88,0.66,0.7,0.75,0.81
216,2458,義隆,133.0,0.0,0.0,09/04,0.21,0.16,0.74,0.49,2.23,3.81,2.39,3.36,5.26,4.36,2.53,4.8
217,4958,臻鼎-KY,463.0,-1.0,-0.22,09/04,1.01,1.35,1.0,0.49,1.35,2.19,2.14,1.73,2.67,3.46,3.13,1.69
218,2887,台新新光金,41.5,0.05,0.12,09/04,0.2,0.9,1.02,0.47,0.5,1.05,2.1,8.99,6.17,3.99,2.32,7.71
219,4420,光明,38.55,0.45,1.18,09/04,0.0,0.0,0.82,0.47,0.38,0.29,0.15,0.05,0.03,0.0,0.0,0.04
220,2915,潤泰全,57.6,0.8,1.41,09/04,0.07,0.77,1.14,0.47,0.21,0.08,0.4,2.11,5.42,6.96,3.24,4.88
221,6526,達發,635.0,5.0,0.79,09/04,2.99,2.34,0.54,0.46,0.43,2.19,2.25,1.56,1.85,,,1.42
222,3026,禾伸堂,701.0,63.0,9.87,09/04,0.01,0.79,0.54,0.46,3.47,2.18,3.14,1.79,1.34,1.22,1.17,1.69
223,8081,致新,254.5,3.0,1.19,09/04,0.0,0.0,0.86,0.45,0.38,0.54,1.24,1.02,0.8,0.5,0.07,0.87
224,2414,精技,52.5,0.1,0.19,09/04,0.0,1.31,0.84,0.45,0.31,0.16,0.04,0.03,0.02,0.01,0.05,0.03
225,2832,台產,58.5,0.5,0.86,09/04,0.0,0.0,1.14,0.45,0.28,0.2,0.13,0.38,1.05,0.35,0.18,1.78
226,6026,福邦證,15.15,0.1,0.66,09/04,0.0,0.0,0.7,0.44,0.33,0.24,0.12,0.05,0.03,0.01,0.0,0.04
227,2455,全新,528.0,3.0,0.57,09/04,0.36,0.35,0.52,0.44,0.45,0.43,0.81,0.55,1.61,2.97,2.44,0.73
228,5287,數字,135.5,-0.5,-0.37,09/04,0.0,0.0,0.73,0.43,0.13,0.11,0.11,0.05,0.03,0.18,0.3,0.04
229,1303,南亞,225.5,4.5,2.04,09/04,1.22,1.12,0.74,0.43,0.31,0.66,1.14,1.38,1.43,2.41,2.23,1.3
230,2324,仁寶,41.6,2.85,7.35,09/04,0.01,0.4,0.32,0.42,0.23,0.11,1.68,4.41,4.82,5.14,3.87,4.4
231,1815,富喬,118.5,-1.5,-1.25,09/04,0.0,0.0,0.0,0.41,0.21,0.13,0.23,0.67,0.42,0.25,0.32,0.69
232,5439,高技,261.5,0.5,0.19,09/04,0.0,0.0,0.0,0.41,1.21,0.66,6.87,3.68,2.53,1.16,1.43,3.49
233,2428,興勤,260.0,15.5,6.34,09/04,0.0,0.0,0.41,0.41,12.8,5.25,1.61,2.25,1.57,1.14,0.68,2.3
234,3218,大學光,138.5,0.5,0.36,09/04,1.05,1.19,0.73,0.41,0.37,0.29,0.35,0.44,0.26,1.21,0.79,0.36
235,4991,環宇-KY,497.0,12.5,2.58,09/04,0.0,0.0,0.69,0.39,0.22,1.84,2.68,2.12,1.53,0.77,0.78,2.31
236,1402,遠東新,29.15,0.05,0.17,09/04,0.45,0.6,0.59,0.39,0.24,0.19,0.74,7.1,8.0,10.8,5.86,7.8
237,8358,金居,500.0,30.0,6.38,09/04,0.9,0.32,2.02,0.37,0.34,0.66,2.03,2.84,1.03,0.5,0.19,1.89
238,6789,采鈺,468.0,2.5,0.54,09/04,0.18,0.57,0.65,0.37,0.25,0.21,0.49,0.36,0.34,0.81,,0.3
239,1319,東陽,82.6,1.2,1.47,09/04,0.37,0.4,0.49,0.35,0.2,0.77,12.1,8.82,7.87,6.22,3.72,8.1
240,1712,興農,40.65,0.05,0.12,09/04,5.52,1.88,1.26,0.35,0.27,0.19,0.17,0.15,0.4,2.66,0.62,0.23
241,3526,凡甲,283.0,3.0,1.07,09/04,0.7,0.5,0.37,0.34,0.3,0.63,2.88,2.01,1.81,2.13,1.88,1.68
242,3491,昇達科,1505.0,100.0,7.12,09/04,0.0,0.0,0.33,0.34,0.21,0.22,1.2,1.1,1.35,1.72,1.32,1.25
243,2606,裕民,78.2,0.0,0.0,09/04,0.03,0.34,0.31,0.33,1.62,1.15,2.73,6.75,6.17,4.86,2.86,8.01
244,3260,威剛,400.5,5.5,1.39,09/04,0.0,0.03,0.48,0.33,0.15,0.24,0.83,1.81,1.58,2.0,1.55,1.89
245,2478,大毅,125.5,11.0,9.61,09/04,0.0,0.04,0.36,0.33,0.21,0.07,0.07,0.05,0.03,0.03,0.06,0.04
246,2539,櫻花建,35.0,-0.1,-0.28,09/04,0.12,0.47,0.66,0.32,0.16,0.06,1.03,0.65,1.1,0.89,0.65,0.68
247,3231,緯創,198.0,9.5,5.04,09/04,0.02,0.02,0.05,0.31,0.28,3.16,2.04,1.43,2.07,2.71,2.31,1.62
248,6206,飛捷,138.5,4.0,2.97,09/04,0.16,0.25,0.33,0.3,0.17,0.94,0.49,0.5,2.6,1.51,1.41,1.0
249,6577,勁豐,80.3,0.4,0.5,09/04,0.0,0.0,0.94,0.3,0.14,0.07,0.05,0.04,0.03,0.0,,0.04
250,2542,興富發,48.55,-0.1,-0.21,09/04,0.0,0.0,0.48,0.29,0.19,0.2,0.18,1.41,2.42,2.81,3.04,1.92
251,3592,瑞鼎,224.0,3.0,1.36,09/04,0.39,0.48,1.02,0.28,0.38,0.37,4.24,2.17,7.7,5.81,,2.43
252,3045,台灣大,118.0,0.0,0.0,09/04,0.3,0.39,0.36,0.28,0.63,1.29,3.32,3.98,4.48,7.85,4.81,4.93
253,3042,晶技,173.5,-0.5,-0.29,09/04,1.39,0.94,0.61,0.28,0.14,0.08,0.95,0.86,1.28,3.47,2.89,1.07
254,3583,辛耘,711.0,-31.0,-4.18,09/04,0.95,0.66,0.49,0.28,0.16,5.56,3.77,1.5,1.69,1.02,0.99,1.29
255,2618,長榮航,42.5,-0.3,-0.7,09/04,0.24,0.48,0.31,0.28,0.32,0.65,4.86,4.25,5.89,4.88,2.0,5.57
256,3105,穩懋,449.5,3.0,0.67,09/04,0.83,0.51,0.31,0.28,0.26,0.16,0.85,0.87,0.66,0.79,1.35,0.74
257,2850,新產,159.0,0.0,0.0,09/04,0.67,0.21,0.54,0.27,0.14,0.12,3.35,4.09,5.84,2.91,1.23,4.64
258,3029,零壹,111.5,2.5,2.29,09/04,0.27,0.34,0.38,0.27,0.18,0.11,0.47,0.36,0.5,0.34,0.17,0.36
259,9930,中聯資源,63.1,0.7,1.12,09/04,0.0,0.55,0.42,0.26,0.13,0.05,0.09,0.12,0.07,0.02,0.02,0.11
260,8476,台境*,19.3,0.1,0.52,09/04,0.0,0.73,0.46,0.25,0.21,0.28,0.03,0.02,0.01,0.01,,0.01
261,8996,高力,1300.0,115.0,9.7,09/04,0.0,0.39,0.27,0.25,0.51,0.5,3.22,3.04,1.59,0.38,0.15,2.28
262,6670,復盛應用,275.5,0.5,0.18,09/04,0.53,0.5,0.41,0.25,0.2,2.65,4.61,5.39,11.4,6.22,,6.11
263,8936,國統,50.3,0.0,0.0,09/04,0.36,0.16,0.13,0.25,0.24,0.17,0.07,0.09,0.07,0.01,0.01,0.08
264,2409,友達,26.8,0.25,0.94,09/04,0.0,0.19,0.17,0.24,0.18,0.08,0.03,0.04,0.08,0.67,1.25,0.07
265,3661,世芯-KY,4220.0,170.0,4.2,09/04,0.29,0.17,0.36,0.23,0.17,2.8,1.82,2.26,2.75,2.11,1.64,2.23
266,9946,三發地產,17.6,0.45,2.62,09/04,0.0,0.9,0.6,0.23,0.13,0.28,0.06,0.03,0.02,0.0,0.0,0.03
267,6525,捷敏-KY,138.0,2.5,1.85,09/04,0.24,0.38,0.25,0.21,0.15,0.08,0.05,0.09,0.09,0.07,1.43,0.09
268,1608,華榮,36.5,0.15,0.41,09/04,0.52,0.47,0.27,0.21,0.1,0.07,0.13,0.22,0.12,0.06,0.04,0.24
269,1447,力鵬,6.71,-0.04,-0.59,09/04,0.0,0.46,0.35,0.21,0.21,0.27,0.04,0.03,0.02,0.03,0.04,0.02
270,2530,華建,20.15,0.6,3.07,09/04,0.0,0.4,1.04,0.21,0.27,0.31,0.41,0.83,1.11,0.38,0.21,1.05
271,5269,祥碩,1430.0,-10.0,-0.69,09/04,0.0,0.14,0.15,0.21,0.14,1.35,0.6,0.47,0.96,3.33,3.89,0.55
272,2492,華新科,298.5,27.0,9.94,09/04,0.01,0.13,0.11,0.21,0.13,0.07,1.48,0.94,0.72,0.74,1.5,0.8
273,1444,力麗,7.09,-0.01,-0.14,09/04,0.0,0.43,0.31,0.21,0.21,0.37,0.05,0.04,0.03,0.02,0.06,0.03
274,3078,僑威,46.1,0.1,0.22,09/04,0.0,0.0,0.41,0.2,0.13,0.1,0.38,0.74,4.89,1.59,0.82,1.78
275,2477,美隆電,21.65,0.1,0.46,09/04,0.0,0.0,0.9,0.2,0.17,0.14,0.13,0.05,0.02,0.22,0.12,0.03
276,2206,三陽工業,63.4,0.3,0.48,09/04,0.98,0.51,0.35,0.19,0.09,0.15,2.5,4.18,8.04,4.36,1.43,5.67
277,3015,全漢,53.3,1.1,2.11,09/04,0.0,0.41,0.3,0.19,0.15,0.31,0.11,0.78,0.74,0.84,0.41,0.86
278,2006,東和鋼鐵,81.6,-1.0,-1.21,09/04,0.53,0.36,0.24,0.19,0.22,0.16,15.2,10.5,8.99,8.68,3.72,9.95
279,1503,士電,207.5,6.5,3.23,09/04,0.23,0.43,0.29,0.18,0.09,0.26,0.08,0.17,0.15,0.75,0.78,0.11
280,5209,新鼎,154.5,0.5,0.32,09/04,0.0,0.0,0.3,0.18,0.09,0.08,0.12,0.06,0.03,0.17,0.1,0.04
281,6138,茂達,286.5,6.5,2.32,09/04,0.0,0.0,0.35,0.18,5.4,6.68,1.68,1.34,1.67,3.74,2.64,1.2
282,2301,光寶科,308.0,9.0,3.01,09/04,0.04,0.02,0.12,0.17,0.1,0.22,2.15,2.51,4.05,4.44,3.69,2.82
283,6585,鼎基,113.0,1.5,1.35,09/04,0.0,0.32,0.23,0.16,0.08,0.06,0.01,0.01,0.0,0.55,,0.0
284,2382,廣達,345.0,10.0,2.99,09/04,0.08,0.1,0.2,0.16,0.38,0.76,2.11,1.81,2.03,2.96,2.46,1.81
285,2356,英業達,67.5,2.5,3.85,09/04,0.07,0.13,0.19,0.15,0.41,0.9,2.07,1.55,2.01,2.18,2.37,1.54
286,6548,長科*,75.2,3.9,5.47,09/04,0.0,0.0,0.12,0.15,0.06,0.05,1.31,0.72,0.49,0.76,,0.59
287,4919,新唐,120.0,5.0,4.35,09/04,0.0,0.0,0.26,0.15,0.12,0.34,1.2,0.46,0.37,2.12,1.6,0.39
288,8454,富邦媒,245.0,7.0,2.94,09/04,0.51,0.23,0.17,0.15,0.09,0.2,2.29,1.77,1.33,0.54,0.27,1.71
289,9917,中保科,106.5,0.5,0.47,09/04,0.72,0.4,0.24,0.14,0.09,0.22,0.15,2.41,1.25,0.21,0.12,1.64
290,4137,麗豐-KY,79.3,-0.6,-0.75,09/04,0.0,0.0,0.22,0.14,0.08,0.06,0.1,0.06,0.1,0.09,1.4,0.12
291,3406,玉晶光,1055.0,64.0,6.46,09/04,0.69,0.81,0.55,0.14,0.19,0.13,1.29,2.39,2.7,2.19,0.7,2.74
292,1102,亞泥,35.1,-0.1,-0.28,09/04,0.49,0.29,0.18,0.14,0.73,0.74,13.0,9.49,9.93,11.0,6.37,9.71
293,2449,京元電子,262.0,1.0,0.38,09/04,0.73,0.34,0.27,0.13,0.37,1.26,2.47,4.61,4.1,4.32,3.18,4.45
294,3010,華立,129.0,1.5,1.18,09/04,0.67,0.19,0.2,0.13,0.13,0.06,12.0,6.75,4.65,4.95,2.82,5.57
295,9911,櫻花,81.2,-0.9,-1.1,09/04,0.0,0.0,0.18,0.13,0.09,0.04,0.15,0.45,0.34,0.06,0.19,0.32
296,3131,弘塑,2385.0,20.0,0.85,09/04,0.0,0.0,0.33,0.13,2.12,5.47,7.36,5.21,4.65,4.75,4.06,4.85
297,9941,裕融,81.3,0.4,0.49,09/04,0.44,0.55,0.23,0.13,0.1,0.09,1.54,6.64,0.73,0.29,0.14,1.97
298,6182,合晶,111.0,6.5,6.22,09/04,0.0,0.0,0.0,0.12,0.06,0.36,0.99,0.7,0.54,1.24,0.99,0.62
299,6279,胡連,117.5,-0.5,-0.42,09/04,0.33,0.09,0.06,0.12,0.16,0.09,0.17,0.92,2.09,3.22,2.68,1.21
300,4766,南寶,346.0,4.0,1.17,09/04,1.06,0.43,0.26,0.12,0.06,0.35,1.2,1.91,3.38,4.5,,2.25
