排名,代號,名稱,成交,漲跌 價,漲跌 幅,更新 日期,當日 增減 (萬元),2日 增減 (萬元),3日 增減 (萬元),5日 增減 (萬元),10日 增減 (萬元),1個月 增減 (萬元),3個月 增減 (萬元),半年 增減 (萬元),1年 增減 (萬元),今年 增減 (萬元)
1,2344,華邦電,174.0,5.0,2.96,09/04,59472.0,205037.0,-240947.0,658331,1091333.0,70735.0,-375312.0,763031.0,644203.0,945106.0
2,6669,緯穎,2565.0,90.0,3.64,09/04,181027.0,335156.0,482139.0,632745,736371.0,547303.0,76278.0,1654246.0,3531570.0,2410240.0
3,8299,群聯,2015.0,15.0,0.75,09/04,16428.0,38166.0,91872.0,527918,1050311.0,1899207.0,1732259.0,3508097.0,3896394.0,3912156.0
4,6488,環球晶,981.0,54.0,5.83,09/04,72302.0,161516.0,228883.0,453876,857944.0,1109551.0,721338.0,-104536.0,-349489.0,280043.0
5,2327,國巨*,562.0,51.0,9.98,09/04,-3920.0,-1912.0,197541.0,308671,327039.0,802771.0,853396.0,1085647.0,633834.0,673496.0
6,2449,京元電子,262.0,1.0,0.38,09/04,52404.0,176536.0,226859.0,273632,399562.0,866573.0,559853.0,1376117.0,1410623.0,1330285.0
7,8996,高力,1300.0,115.0,9.7,09/04,73810.0,143775.0,173314.0,262735,501538.0,643164.0,670273.0,665555.0,470168.0,644202.0
8,2368,金像電,1045.0,-55.0,-5.0,09/04,75588.0,136721.0,157289.0,255720,360939.0,462363.0,348152.0,-380384.0,-412572.0,-524152.0
9,8046,南電,1055.0,-25.0,-2.31,09/04,42424.0,143671.0,153471.0,250592,323283.0,677095.0,527814.0,507232.0,194058.0,435515.0
10,3231,緯創,198.0,9.5,5.04,09/04,11457.0,63711.0,90748.0,248627,491347.0,570665.0,1730116.0,819964.0,2533374.0,1817699.0
11,2454,聯發科,4415.0,75.0,1.73,09/04,-28654.0,8420.0,158074.0,214559,393405.0,996780.0,1200627.0,1022565.0,672844.0,426230.0
12,6446,藥華藥,1310.0,-40.0,-2.96,09/04,43531.0,59024.0,60729.0,188855,205743.0,111697.0,246437.0,160626.0,-388566.0,-320220.0
13,2881,富邦金,150.5,3.5,2.38,09/04,19284.0,25819.0,40291.0,153827,100767.0,157494.0,-350440.0,-1475630.0,-2008472.0,-1576349.0
14,3443,創意,5810.0,10.0,0.17,09/04,36594.0,69539.0,65378.0,144566,277428.0,90820.0,314083.0,395759.0,86584.0,376859.0
15,3036,文曄,192.5,2.0,1.05,09/04,17867.0,65987.0,120157.0,139313,376945.0,444558.0,493258.0,1214033.0,1561505.0,1318988.0
16,3026,禾伸堂,701.0,63.0,9.87,09/04,7893.0,28084.0,50877.0,131014,188491.0,335157.0,503077.0,485522.0,494905.0,463561.0
17,3081,聯亞,3170.0,50.0,1.6,09/04,11065.0,115452.0,162850.0,116853,-178317.0,205590.0,519188.0,569891.0,458560.0,455758.0
18,2481,強茂,156.0,0.0,0.0,09/04,95763.0,106517.0,141560.0,116034,104457.0,170270.0,92233.0,91165.0,22448.0,-110443.0
19,8039,台虹,297.5,4.5,1.54,09/04,28564.0,59026.0,94864.0,114796,177545.0,234718.0,279586.0,299047.0,237737.0,275809.0
20,3105,穩懋,449.5,3.0,0.67,09/04,16410.0,63191.0,74462.0,111021,8651.0,289969.0,381968.0,689159.0,574633.0,619497.0
21,2887,台新新光金,41.5,0.05,0.12,09/04,36425.0,75897.0,39595.0,109922,151394.0,119492.0,484367.0,851490.0,942438.0,641457.0
22,6139,亞翔,736.0,24.0,3.37,09/04,7544.0,30093.0,94030.0,108743,185156.0,273687.0,626388.0,608639.0,488801.0,608780.0
23,6257,矽格,212.0,3.0,1.44,09/04,19212.0,31416.0,64234.0,99422,111916.0,129770.0,-42780.0,-84979.0,-5086.0,-49036.0
24,6510,精測,3350.0,0.0,0.0,09/04,55681.0,78591.0,93690.0,98030,90945.0,98947.0,96844.0,-53755.0,-140777.0,-165387.0
25,5289,宜鼎,1360.0,15.0,1.12,09/04,27711.0,53734.0,86719.0,89912,83204.0,51422.0,-209466.0,243009.0,176635.0,161837.0
26,8021,尖點,420.0,6.5,1.57,09/04,24985.0,68112.0,73427.0,87033,93476.0,163150.0,228165.0,115839.0,41941.0,64567.0
27,2303,聯電,130.0,5.0,4.0,09/04,18002.0,14325.0,24734.0,83405,165494.0,25190.0,-3681852.0,-6102303.0,-9313560.0,-7067516.0
28,2330,台積電,2410.0,20.0,0.84,09/04,-8659.0,-6030.0,-2915.0,81749,-26533.0,-30165.0,128819.0,3234404.0,218387.0,3093740.0
29,2376,技嘉,361.0,10.5,3.0,09/04,38453.0,76772.0,80224.0,79582,5440.0,-254272.0,26036.0,-226917.0,753249.0,439986.0
30,3491,昇達科,1505.0,100.0,7.12,09/04,9787.0,14519.0,25900.0,69340,144308.0,194660.0,573929.0,527480.0,237876.0,485648.0
31,5483,中美晶,183.5,7.5,4.26,09/04,-9578.0,-30793.0,-28943.0,63602,158364.0,299155.0,635684.0,579165.0,639324.0,561899.0
32,8069,元太,148.5,1.5,1.02,09/04,-9944.0,-14685.0,-11554.0,61944,89509.0,513947.0,957395.0,912146.0,1154255.0,1041465.0
33,6451,訊芯-KY,449.0,-1.0,-0.22,09/04,10771.0,49868.0,56663.0,60858,57041.0,98702.0,70348.0,45545.0,36727.0,37149.0
34,4991,環宇-KY,497.0,12.5,2.58,09/04,-938.0,34588.0,51732.0,60181,118208.0,158277.0,132295.0,200244.0,134999.0,186746.0
35,00918,大華優利高填息30,35.88,0.42,1.18,09/04,-368.0,2967.0,23984.0,57196,62692.0,52630.0,-29586.0,15330.0,5248.0,-74869.0
36,00685L,群益臺灣加權正2,12.13,0.44,3.76,09/04,600.0,5116.0,41057.0,52627,50862.0,62717.0,394640.0,430625.0,449023.0,432704.0
37,2891,中信金,68.4,0.9,1.33,09/04,-417.0,6688.0,13710.0,46813,1583.0,120823.0,-516514.0,675033.0,346000.0,558146.0
38,3363,上詮,735.0,-39.0,-5.04,09/04,38805.0,44505.0,34689.0,43973,26782.0,5871.0,17105.0,359878.0,327498.0,332048.0
39,5439,高技,261.5,0.5,0.19,09/04,1169.0,3166.0,12481.0,42401,39210.0,58226.0,59887.0,-41170.0,-14477.0,-87415.0
40,6182,合晶,111.0,6.5,6.22,09/04,1149.0,12706.0,31828.0,41738,109550.0,339760.0,374980.0,295631.0,378934.0,298565.0
41,3006,晶豪科,278.5,1.5,0.54,09/04,24543.0,33824.0,37506.0,40297,40776.0,30724.0,-976.0,16547.0,-70310.0,-37473.0
42,6442,光聖,1755.0,-15.0,-0.85,09/04,3514.0,24300.0,32127.0,39989,58732.0,197553.0,223601.0,351694.0,132981.0,175025.0
43,4749,新應材,776.0,17.0,2.24,09/04,11366.0,15561.0,23770.0,39735,64413.0,86106.0,368858.0,259852.0,479990.0,272307.0
44,5904,寶雅*,72.1,1.5,2.12,09/04,3379.0,18317.0,21335.0,38962,73825.0,,136034.0,117914.0,123519.0,119910.0
45,2404,漢唐,1070.0,35.0,3.38,09/04,1987.0,1987.0,34256.0,38598,40416.0,2225.0,-458010.0,-245864.0,-154230.0,-293618.0
46,3715,定穎投控,118.0,0.0,0.0,09/04,8911.0,13590.0,27680.0,37871,37469.0,43907.0,55863.0,16160.0,159117.0,64481.0
47,6515,穎崴,7075.0,75.0,1.07,09/04,11469.0,9308.0,26986.0,37104,32413.0,-25694.0,122093.0,-198326.0,-477601.0,-407372.0
48,6197,佳必琪,315.0,16.0,5.35,09/04,10650.0,22466.0,37388.0,36571,28953.0,25523.0,85362.0,103044.0,157277.0,90753.0
49,2618,長榮航,42.5,-0.3,-0.7,09/04,3740.0,8995.0,17558.0,34008,46525.0,37276.0,-954690.0,-242825.0,-240707.0,-611349.0
50,2426,鼎元,104.5,9.5,10.0,09/04,6042.0,32364.0,40583.0,32844,6286.0,20737.0,2886.0,96598.0,101319.0,100430.0
51,2634,漢翔,65.0,0.6,0.93,09/04,3566.0,11211.0,22422.0,32605,17105.0,-27294.0,-65149.0,-14281.0,-24383.0,-78314.0
52,5425,台半,92.9,1.7,1.86,09/04,4809.0,14423.0,20618.0,31886,45588.0,90834.0,43903.0,91788.0,103076.0,75929.0
53,5274,信驊,17470.0,-380.0,-2.13,09/04,12376.0,19688.0,21470.0,29851,23755.0,-25281.0,-107481.0,-567030.0,-562372.0,-801252.0
54,2882,國泰金,115.0,2.5,2.22,09/04,-36259.0,-12785.0,8021.0,29720,26892.0,11980.0,-734205.0,-646105.0,-2779741.0,-1157430.0
55,3189,景碩,819.0,44.0,5.68,09/04,16426.0,-33331.0,-69846.0,29064,48622.0,107622.0,74689.0,-387558.0,-189185.0,-170122.0
56,2359,所羅門,142.0,1.5,1.07,09/04,2068.0,13268.0,20194.0,28465,25341.0,-2937.0,-23397.0,-29789.0,-10293.0,-53190.0
57,8086,宏捷科,112.5,0.5,0.45,09/04,6260.0,16246.0,22242.0,28332,38762.0,57991.0,34708.0,-22607.0,22348.0,6444.0
58,6290,良維,270.0,24.5,9.98,09/04,1561.0,6734.0,7511.0,28201,84107.0,36355.0,220444.0,253906.0,237609.0,207677.0
59,6472,保瑞,416.0,4.5,1.09,09/04,748.0,7803.0,11427.0,26269,58438.0,31298.0,-33201.0,-138103.0,175527.0,29570.0
60,2316,楠梓電,155.0,2.0,1.31,09/04,6023.0,12912.0,19754.0,24909,4431.0,13652.0,-1714.0,36002.0,18845.0,49788.0
61,8033,雷虎,176.0,3.0,1.73,09/04,2854.0,9505.0,18535.0,23832,55954.0,66754.0,-26894.0,13318.0,39267.0,4023.0
62,00708L,期元大S&P黃金正2,83.55,1.5,1.83,09/04,268.0,871.0,2146.0,23458,23858.0,28531.0,26480.0,34347.0,38459.0,50062.0
63,3605,宏致,118.0,3.5,3.06,09/04,1301.0,5735.0,19137.0,23081,30398.0,25182.0,-12499.0,-13823.0,10954.0,-7192.0
64,2395,研華,711.0,37.0,5.49,09/04,6523.0,4670.0,4670.0,22624,18742.0,68562.0,-281325.0,-791584.0,-264679.0,-344397.0
65,1590,亞德客-KY,1395.0,20.0,1.45,09/04,417.0,1251.0,8132.0,20627,875.0,-43669.0,49650.0,42035.0,17592.0,-21844.0
66,5388,中磊,75.6,0.5,0.67,09/04,4413.0,13567.0,15600.0,19865,33310.0,102314.0,104288.0,74395.0,181123.0,139093.0
67,2458,義隆,133.0,0.0,0.0,09/04,837.0,6630.0,9366.0,19286,6021.0,114371.0,251597.0,132491.0,192693.0,100474.0
68,4931,新盛力,251.0,11.5,4.8,09/04,4858.0,8316.0,8548.0,18707,29322.0,-3844.0,35751.0,27348.0,27559.0,41482.0
69,5434,崇越,538.0,11.0,2.09,09/04,5211.0,10048.0,16165.0,18527,15341.0,-15339.0,138194.0,67626.0,109645.0,38568.0
70,1785,光洋科,102.0,2.0,2.0,09/04,1780.0,9070.0,13607.0,18058,-14184.0,-54318.0,-65927.0,434420.0,390776.0,432852.0
71,8027,鈦昇,181.5,4.5,2.54,09/04,6117.0,12636.0,14905.0,18057,23631.0,8275.0,36665.0,35702.0,38850.0,51738.0
72,00712,復華富時不動產,8.68,0.04,0.46,09/04,0.0,826.0,7492.0,18041,39443.0,31967.0,20336.0,27609.0,26076.0,37895.0
73,6613,朋億*,258.5,1.5,0.58,09/04,2446.0,6486.0,10676.0,17965,23616.0,31062.0,30813.0,22199.0,21480.0,21849.0
74,8932,智通*,91.4,1.7,1.9,09/04,5415.0,10707.0,17933.0,17727,18336.0,10522.0,98717.0,151340.0,122721.0,59656.0
75,3413,京鼎,282.5,2.5,0.89,09/04,3662.0,8304.0,10654.0,17365,36496.0,68544.0,-56458.0,-99990.0,71344.0,-16022.0
76,4938,和碩,95.4,5.0,5.53,09/04,-2711.0,-568.0,6590.0,17133,3071.0,-20853.0,-127784.0,517730.0,626789.0,381804.0
77,6683,雍智科技,1360.0,-25.0,-1.81,09/04,5815.0,16309.0,15297.0,17080,9598.0,3274.0,38480.0,37690.0,5057.0,31142.0
78,2484,希華,70.4,0.3,0.43,09/04,2807.0,4649.0,12484.0,16819,44261.0,22633.0,35745.0,49683.0,62192.0,60843.0
79,2645,長榮航太,173.5,2.0,1.17,09/04,-984.0,8785.0,9846.0,16785,58644.0,87992.0,34844.0,-7658.0,85953.0,56032.0
80,8064,東捷,112.0,10.0,9.8,09/04,1693.0,8690.0,11988.0,14779,11105.0,4816.0,32247.0,61736.0,41263.0,54031.0
81,1519,華城,746.0,24.0,3.32,09/04,5260.0,1077.0,882.0,14595,116413.0,131174.0,287276.0,1266439.0,806472.0,912039.0
82,3645,達邁,71.6,1.3,1.85,09/04,3020.0,4759.0,8985.0,14550,12003.0,11732.0,-7907.0,-35600.0,-42857.0,-16925.0
83,3090,日電貿,176.5,14.0,8.62,09/04,556.0,1294.0,3319.0,14332,38235.0,180967.0,198678.0,133938.0,190046.0,136884.0
84,1597,直得,155.0,10.5,7.27,09/04,4045.0,6694.0,9770.0,14068,21212.0,13667.0,14074.0,18049.0,10494.0,10946.0
85,7750,新代,2415.0,215.0,9.77,09/04,469.0,-875.0,5760.0,13075,41591.0,60405.0,77536.0,,,
86,3045,台灣大,118.0,0.0,0.0,09/04,11014.0,27878.0,12819.0,12810,2322.0,54488.0,-285979.0,-400583.0,20191.0,-406673.0
87,00646,元大S&P500,77.55,1.05,1.37,09/04,7304.0,10277.0,13918.0,12800,23394.0,73313.0,9189.0,102848.0,125525.0,104289.0
88,2375,凱美,125.0,7.0,5.93,09/04,-336.0,3023.0,5776.0,12014,23637.0,39927.0,39752.0,29533.0,38401.0,-4505.0
89,6409,旭隼,965.0,-7.0,-0.72,09/04,-96.8,7435.0,9362.0,11608,23207.0,18975.0,148921.0,401798.0,409539.0,423240.0
90,1514,亞力,102.0,1.5,1.49,09/04,1470.0,4343.0,7329.0,11286,15750.0,24421.0,116458.0,113696.0,102896.0,81429.0
91,2855,統一證,50.7,0.1,0.2,09/04,2778.0,5763.0,9594.0,11215,29328.0,58761.0,295559.0,316569.0,297913.0,311684.0
92,4906,正文,36.9,1.4,3.94,09/04,810.0,1959.0,5486.0,11030,17003.0,21823.0,11985.0,69701.0,82078.0,76208.0
93,5536,聖暉*,853.0,36.0,4.41,09/04,252.0,3000.0,11684.0,10624,-8586.0,-68313.0,-319045.0,-474476.0,-42389.0,-293580.0
94,6415,矽力*-KY,428.5,17.5,4.26,09/04,-9279.0,-7973.0,-3322.0,10442,48964.0,46599.0,-239700.0,-495983.0,-326959.0,-188706.0
95,6640,均華,1250.0,65.0,5.49,09/04,3075.0,6567.0,6932.0,10220,13113.0,18475.0,26117.0,17319.0,13398.0,9772.0
96,6176,瑞儀,91.9,1.6,1.77,09/04,1206.0,3792.0,3231.0,10196,36009.0,,-276994.0,15876.0,11329.0,-79470.0
97,2337,旺宏,121.5,4.5,3.85,09/04,13750.0,16690.0,16117.0,9844,27552.0,-73638.0,88557.0,-34852.0,-582049.0,-602387.0
98,5284,jpp-KY,330.0,7.0,2.17,09/04,3878.0,8075.0,9630.0,9615,5703.0,1684.0,14576.0,23504.0,40990.0,36513.0
99,2356,英業達,67.5,2.5,3.85,09/04,14634.0,14021.0,17278.0,9560,2733.0,-252180.0,-153677.0,-548613.0,-486708.0,-400314.0
100,4123,晟德,30.15,-0.4,-1.31,09/04,1852.0,3880.0,5462.0,9545,18047.0,21896.0,21998.0,72198.0,84411.0,69502.0
101,4908,前鼎,224.5,20.0,9.78,09/04,-663.0,-663.0,7973.0,9299,14050.0,13260.0,-6916.0,3325.0,7176.0,4524.0
102,6214,精誠,185.5,2.5,1.37,09/04,-2404.0,7140.0,7341.0,9155,10395.0,23664.0,-998.0,-46674.0,23300.0,-38677.0
103,009802,富邦旗艦50,20.23,0.46,2.33,09/04,-40.2,2171.0,4800.0,9058,9058.0,9058.0,6021.0,8947.0,8485.0,8949.0
104,00919,群益台灣精選高息,33.02,0.5,1.54,09/04,-2354.0,5253.0,18361.0,8981,-434.0,-20631.0,-170111.0,-129813.0,-133899.0,-196870.0
105,00406A,主動中信台灣收益,9.57,0.11,1.16,09/04,157.0,157.0,157.0,8936,11498.0,14813.0,,,,
106,4971,IET-KY,624.0,13.0,2.13,09/04,310.0,-1174.0,3406.0,8597,15699.0,65881.0,37253.0,81946.0,66069.0,78826.0
107,4768,晶呈科技,306.0,15.5,5.34,09/04,2466.0,3711.0,6789.0,8280,10269.0,-7306.0,18915.0,72326.0,55313.0,69023.0
108,9958,世紀鋼,88.1,-0.3,-0.34,09/04,1029.0,3791.0,5267.0,8093,24182.0,33967.0,63127.0,82520.0,104946.0,109062.0
109,3167,大量,803.0,73.0,10.0,09/04,1467.0,7986.0,19344.0,8087,37995.0,91769.0,207363.0,150177.0,87216.0,111909.0
110,3357,臺慶科,214.0,11.0,5.42,09/04,1038.0,3540.0,4846.0,8078,14025.0,21788.0,4933.0,29365.0,48764.0,4240.0
111,2439,美律,77.9,0.3,0.39,09/04,481.0,3030.0,5837.0,8063,7744.0,20505.0,91152.0,119785.0,-26629.0,117751.0
112,4915,致伸,60.8,1.2,2.01,09/04,1302.0,4957.0,5192.0,7927,17977.0,47258.0,160893.0,236054.0,265490.0,253587.0
113,00830,國泰費城半導體,80.95,1.55,1.95,09/04,-8.04,-3388.0,-332.0,7857,11949.0,-16894.0,-155796.0,-181839.0,-62442.0,-81833.0
114,00673R,期元大S&P原油反1,11.26,-0.14,-1.23,09/04,-276.0,-276.0,7234.0,7815,7995.0,10680.0,-622.0,17633.0,34749.0,36089.0
115,00922,國泰台灣領袖50,42.13,0.7,1.69,09/04,5012.0,7163.0,7750.0,7676,7676.0,5531.0,34739.0,-34283.0,15262.0,-11484.0
116,8150,南茂,90.1,1.0,1.12,09/04,12228.0,-9875.0,-4798.0,7674,24912.0,93850.0,163027.0,151321.0,152462.0,131603.0
117,1714,和桐,16.65,0.1,0.6,09/04,782.0,4047.0,8577.0,7591,9903.0,25013.0,33168.0,37632.0,37447.0,38574.0
118,2201,裕隆,31.1,-0.3,-0.96,09/04,3030.0,5829.0,5167.0,7505,-1690.0,-6484.0,-19307.0,-3453.0,66013.0,24248.0
119,6715,嘉基,320.0,12.5,4.07,09/04,2082.0,4735.0,6937.0,7496,9915.0,15342.0,6458.0,13997.0,14017.0,14011.0
120,4707,磐亞,30.1,-0.3,-0.99,09/04,1178.0,2393.0,3170.0,7357,5645.0,3538.0,5257.0,8946.0,9173.0,8827.0
121,4967,十銓,276.0,3.5,1.28,09/04,1398.0,1536.0,5650.0,7261,14851.0,-33639.0,-27549.0,19457.0,12158.0,25587.0
122,1718,中纖,10.6,-0.1,-0.93,09/04,1311.0,4352.0,3988.0,7240,3589.0,19468.0,36481.0,45426.0,45771.0,43859.0
123,9914,美利達,79.3,-0.3,-0.38,09/04,883.0,4036.0,3930.0,7104,21617.0,77576.0,67202.0,80969.0,68139.0,79272.0
124,4961,天鈺,165.5,-0.5,-0.3,09/04,1503.0,4175.0,6760.0,7082,-396.0,-26581.0,-53667.0,-20750.0,20323.0,-5073.0
125,8436,大江,112.5,0.5,0.45,09/04,2873.0,5321.0,5538.0,6864,14431.0,30194.0,39842.0,48968.0,33778.0,42286.0
126,1773,勝一,162.5,1.5,0.93,09/04,471.0,1484.0,3966.0,6562,5456.0,-3204.0,-2049.0,-13983.0,-46403.0,-34473.0
127,00865B,國泰US短期公債,48.71,0.0,0.0,09/04,0.0,2245.0,2245.0,6525,9014.0,1312.0,-19152.0,25789.0,44697.0,30515.0
128,3149,正達,60.6,1.1,1.85,09/04,-215.0,7697.0,9177.0,6290,6536.0,-295.0,-3683.0,11984.0,12155.0,-3674.0
129,4764,雙鍵,231.5,14.0,6.44,09/04,-470.0,1491.0,2697.0,6206,10490.0,1518.0,7705.0,11367.0,18899.0,14094.0
130,2374,佳能,68.3,0.4,0.59,09/04,-122.0,5713.0,4334.0,6190,15891.0,8679.0,35094.0,46322.0,150612.0,3766.0
131,6147,頎邦,182.5,-6.5,-3.44,09/04,22173.0,25333.0,19549.0,6187,16800.0,-61765.0,-755698.0,-247452.0,-304771.0,-239668.0
132,6196,帆宣,516.0,16.0,3.2,09/04,51.6,-102.0,3027.0,6155,7506.0,-333.0,-71945.0,-60977.0,-126972.0,-39911.0
133,6505,台塑化,78.1,1.6,2.09,09/04,1678.0,550.0,3865.0,6108,5755.0,-27602.0,-55056.0,-64198.0,-73744.0,-32069.0
134,1795,美時,182.0,0.5,0.28,09/04,1466.0,4866.0,6435.0,6100,-4587.0,-46268.0,-44136.0,242389.0,177812.0,186415.0
135,00896,中信綠能及電動車,28.4,0.54,1.94,09/04,1382.0,4094.0,6034.0,6034,6034.0,5029.0,4294.0,8422.0,11459.0,9614.0
136,2606,裕民,78.2,0.0,0.0,09/04,2049.0,2656.0,2910.0,6024,6427.0,988.0,-66350.0,-42153.0,-127494.0,-111034.0
137,3211,順達,386.0,11.0,2.93,09/04,5076.0,7380.0,-4235.0,5990,2004.0,240988.0,295240.0,105829.0,286267.0,167526.0
138,3162,精確,70.8,-0.7,-0.98,09/04,1862.0,4032.0,4025.0,5987,10810.0,12791.0,7717.0,11838.0,29621.0,14358.0
139,6491,晶碩,385.0,4.5,1.18,09/04,230.0,997.0,1941.0,5940,-3245.0,5326.0,2024.0,-12196.0,-69454.0,-13480.0
140,5351,鈺創,112.5,2.5,2.27,09/04,319.0,7680.0,7834.0,5783,14600.0,-100117.0,-48651.0,-62424.0,-130024.0,-109940.0
141,6693,廣閎科,181.5,3.0,1.68,09/04,4073.0,4454.0,5523.0,5758,5723.0,9561.0,6327.0,6262.0,6656.0,5341.0
142,3704,合勤控,40.1,0.1,0.25,09/04,777.0,4017.0,4676.0,5658,8199.0,9116.0,3944.0,-54132.0,-11774.0,-40563.0
143,2539,櫻花建,35.0,-0.1,-0.28,09/04,1050.0,1988.0,2855.0,5559,9058.0,375.0,-6040.0,35318.0,78679.0,41881.0
144,3049,精金,12.8,0.0,0.0,09/04,755.0,2134.0,1889.0,5448,13230.0,14326.0,14326.0,14326.0,14326.0,14326.0
145,2493,揚博,181.5,2.5,1.4,09/04,1038.0,-185.0,2137.0,5365,1156.0,52657.0,-22509.0,5449.0,34855.0,-15375.0
146,8271,宇瞻,217.0,0.0,0.0,09/04,-607.0,3742.0,4083.0,5336,-5680.0,3801.0,40726.0,15710.0,33490.0,-14222.0
147,9945,潤泰新,28.45,0.2,0.71,09/04,-119.0,434.0,1878.0,5289,-9939.0,-46715.0,-41868.0,45349.0,39536.0,38760.0
148,3587,閎康,255.0,5.5,2.2,09/04,811.0,2879.0,6788.0,5167,4333.0,6141.0,11046.0,23253.0,2908.0,22571.0
149,6291,沛亨,456.5,-1.5,-0.33,09/04,276.0,1130.0,3556.0,5029,8819.0,8763.0,8007.0,9799.0,12549.0,4485.0
150,6207,雷科,111.0,7.0,6.73,09/04,790.0,4511.0,5463.0,4930,5277.0,1930.0,-5601.0,-8896.0,-504.0,-827.0
151,6125,廣運,51.5,-0.4,-0.77,09/04,1492.0,3283.0,3350.0,4925,11758.0,17143.0,34515.0,-36981.0,-21693.0,-33192.0
152,0050,元大台灣50,107.9,1.7,1.6,09/04,0.0,748.0,1443.0,4713,-60485.0,-214491.0,750040.0,-72454.0,459600.0,666356.0
153,6830,汎銓,597.0,7.0,1.19,09/04,420.0,3596.0,2884.0,4698,-1135.0,2000.0,-5851.0,40418.0,31940.0,41059.0
154,3037,欣興,902.0,-21.0,-2.28,09/04,-1616.0,-124436.0,-87907.0,4676,-78322.0,-321666.0,-546240.0,-31657.0,-1488541.0,-96129.0
155,3265,台星科,176.5,3.5,2.02,09/04,349.0,2763.0,1813.0,4570,4846.0,21534.0,19230.0,19653.0,18196.0,1366.0
156,00935,野村臺灣新科技50,58.65,1.2,2.09,09/04,-2662.0,-3022.0,-1064.0,4533,-11529.0,-32930.0,-6927.0,8303.0,17512.0,14618.0
157,5234,達興材料,293.0,3.5,1.21,09/04,935.0,2040.0,2578.0,4488,6145.0,6294.0,45660.0,75186.0,-10708.0,57467.0
158,5340,建榮,79.2,0.1,0.13,09/04,-346.0,2723.0,5614.0,4409,2317.0,8600.0,4919.0,21651.0,8102.0,11121.0
159,00719B,元大美債1-3,31.04,0.02,0.06,09/04,869.0,3023.0,3209.0,4398,5440.0,5530.0,-4446.0,-897.0,8928.0,7991.0
160,5443,均豪,112.5,2.5,2.27,09/04,1248.0,4241.0,4036.0,4366,-939.0,-9917.0,-7102.0,-7783.0,-33456.0,-6901.0
161,3135,凌航,173.0,0.5,0.29,09/04,449.0,3069.0,3354.0,4332,6765.0,6907.0,23990.0,19561.0,,24256.0
162,2478,大毅,125.5,11.0,9.61,09/04,-1569.0,-461.0,1392.0,4121,-394.0,20119.0,30434.0,24366.0,34465.0,2456.0
163,1409,新纖,24.55,-0.05,-0.2,09/04,2382.0,8670.0,7300.0,4086,1009.0,15886.0,132361.0,134635.0,79767.0,126886.0
164,6944,兆聯實業,696.0,1.0,0.14,09/04,-963.0,-1524.0,1654.0,3853,22999.0,63748.0,152686.0,187877.0,,192058.0
165,7805,威聯通,508.0,6.0,1.2,09/04,-50.5,1274.0,2315.0,3843,5957.0,4260.0,7282.0,,,
166,2347,聯強,88.0,1.6,1.85,09/04,149.0,-563.0,-49.2,3820,4969.0,-6760.0,-58971.0,-2007.0,-208038.0,-22168.0
167,2402,毅嘉,57.1,-0.2,-0.35,09/04,1549.0,4448.0,5832.0,3700,2683.0,5313.0,26932.0,99672.0,103322.0,110047.0
168,4743,合一,44.65,-0.1,-0.22,09/04,1349.0,2840.0,2975.0,3679,-1659.0,-10148.0,4641.0,33454.0,51726.0,9176.0
169,6284,佳邦,79.1,3.5,4.63,09/04,-188.0,996.0,2338.0,3649,4009.0,2742.0,10070.0,7440.0,9161.0,-17312.0
170,00670L,富邦NASDAQ正2,200.95,7.25,3.74,09/04,0.0,0.0,950.0,3548,6985.0,7951.0,-47355.0,-49997.0,40646.0,-957.0
171,4526,東台,32.0,0.6,1.91,09/04,1654.0,2931.0,3270.0,3529,3797.0,7759.0,-3266.0,-9491.0,-20577.0,-18137.0
172,3455,由田,236.5,-2.5,-1.05,09/04,2100.0,4042.0,1949.0,3491,2930.0,1368.0,2721.0,3463.0,10112.0,8370.0
173,2801,彰銀,26.6,0.0,0.0,09/04,877.0,-452.0,-2518.0,3485,24.3,-22351.0,-22587.0,74714.0,86814.0,72621.0
174,2388,威盛,81.4,6.4,8.53,09/04,0.0,3404.0,3662.0,3410,5454.0,-46894.0,-49730.0,-72517.0,-33683.0,-50808.0
175,00934,中信成長高股息,30.56,0.56,1.87,09/04,960.0,1978.0,3109.0,3376,5782.0,7205.0,7483.0,4008.0,-7229.0,6717.0
176,3624,光頡,93.2,8.4,9.91,09/04,110.0,1306.0,3482.0,3326,6067.0,15921.0,6174.0,2508.0,9340.0,-3947.0
177,00662,富邦NASDAQ,120.55,2.1,1.77,09/04,0.0,511.0,2687.0,3273,4439.0,38642.0,-264004.0,-186136.0,167984.0,31539.0
178,4977,眾達-KY,185.0,12.5,7.25,09/04,4604.0,8641.0,8147.0,3245,-10952.0,-9359.0,-28209.0,-36560.0,-58987.0,-53759.0
179,8050,廣積,56.4,2.2,4.06,09/04,570.0,2004.0,2280.0,3199,4395.0,18527.0,19905.0,27464.0,29531.0,29212.0
180,6414,樺漢,395.0,14.0,3.67,09/04,-158.0,2943.0,3650.0,3174,839.0,2999.0,-56575.0,-53188.0,-30217.0,-70391.0
181,4989,榮科,61.1,0.6,0.99,09/04,402.0,1759.0,2010.0,3166,7780.0,11408.0,23581.0,26199.0,35882.0,30889.0
182,3221,台嘉碩,49.4,1.35,2.81,09/04,89.3,1407.0,3123.0,3159,2088.0,-203.0,6234.0,3804.0,11203.0,7629.0
183,00991A,主動復華未來50,17.73,0.42,2.43,09/04,-3960.0,406.0,581.0,3146,-23380.0,-62987.0,-19751.0,78023.0,,94853.0
184,2428,興勤,260.0,15.5,6.34,09/04,3103.0,3252.0,4970.0,3139,15467.0,65213.0,53607.0,28891.0,56828.0,-1904.0
185,5386,青雲,258.5,-1.5,-0.58,09/04,232.0,1410.0,1396.0,3125,2777.0,4772.0,-6604.0,13674.0,11562.0,7526.0
186,6186,新潤,31.3,-0.45,-1.42,09/04,647.0,1113.0,1496.0,3065,5055.0,9455.0,8554.0,18736.0,31015.0,22126.0
187,4303,信立,34.7,-0.8,-2.25,09/04,300.0,885.0,1664.0,3063,2711.0,-1737.0,-5462.0,-3030.0,22399.0,-3916.0
188,2369,菱生,31.05,0.65,2.14,09/04,-64.8,1576.0,1088.0,3030,3553.0,-1660.0,24055.0,7519.0,15062.0,8651.0
189,3055,蔚華科,132.5,1.5,1.15,09/04,395.0,2231.0,2327.0,3026,8179.0,17676.0,-4194.0,-2487.0,-11787.0,-3995.0
190,00953B,群益優選非投等債,9.57,0.01,0.1,09/04,-12.4,-12.4,-12.4,2989,16105.0,22586.0,16237.0,21147.0,41439.0,44331.0
191,1808,潤隆,34.7,-1.1,-3.07,09/04,478.0,1363.0,1934.0,2975,1194.0,-5991.0,-15863.0,-8006.0,-32179.0,-4479.0
192,7751,竑騰,1610.0,145.0,9.9,09/04,775.0,1690.0,2972.0,2974,13209.0,19918.0,27633.0,23625.0,,24331.0
193,00768B,復華20年美債,48.01,0.02,0.04,09/04,0.0,0.0,0.0,2970,2970.0,2824.0,2262.0,2262.0,1941.0,-1613.0
194,4746,台耀,45.35,-0.65,-1.41,09/04,807.0,1739.0,2285.0,2945,3382.0,295.0,-1613.0,7174.0,7895.0,7702.0
195,8261,富鼎,180.5,7.5,4.34,09/04,1350.0,2690.0,3622.0,2923,5040.0,34076.0,2421.0,19428.0,33351.0,-9963.0
196,1515,力山,30.8,-0.2,-0.65,09/04,972.0,1825.0,2004.0,2922,5861.0,12975.0,13264.0,15260.0,14041.0,15956.0
197,009829,大華韓國KOSPI50,10.5,0.47,4.69,09/04,0.0,1873.0,2517.0,2880,3609.0,,,,,
198,8114,振樺電,194.5,5.5,2.91,09/04,19.4,1909.0,2048.0,2866,4273.0,-2346.0,-25660.0,-17269.0,19058.0,2538.0
199,3028,增你強,64.1,0.1,0.16,09/04,492.0,2195.0,2215.0,2846,4284.0,7496.0,15983.0,9762.0,26658.0,13996.0
200,2105,正新,30.95,0.25,0.81,09/04,321.0,305.0,570.0,2778,-1934.0,-31776.0,-86776.0,-86565.0,-123727.0,-218420.0
201,3532,台勝科,399.0,18.0,4.72,09/04,-1987.0,-499.0,369.0,2718,23534.0,71358.0,191423.0,134870.0,179401.0,146467.0
202,3305,昇貿,111.0,2.5,2.3,09/04,-165.0,943.0,1417.0,2707,3277.0,4664.0,-2519.0,-79984.0,-60945.0,-83619.0
203,2504,國產,31.25,-0.25,-0.79,09/04,285.0,574.0,762.0,2654,-3737.0,-4391.0,58228.0,185917.0,140162.0,163467.0
204,3498,陽程,194.0,2.0,1.04,09/04,115.0,1428.0,1407.0,2605,-6243.0,-12115.0,-4013.0,-12424.0,-12892.0,-10590.0
205,3236,千如,44.45,2.45,5.83,09/04,48.8,341.0,715.0,2584,2367.0,1346.0,7712.0,7749.0,10233.0,3601.0
206,2363,矽統,51.1,1.0,2.0,09/04,707.0,310.0,-109.0,2581,15921.0,6493.0,69192.0,-9177.0,52303.0,-33623.0
207,7734,印能科技,2890.0,180.0,6.64,09/04,570.0,851.0,1132.0,2560,13264.0,20405.0,34126.0,3501.0,13913.0,8851.0
208,1210,大成,52.2,0.4,0.77,09/04,802.0,491.0,-602.0,2547,-1324.0,-8723.0,67744.0,102849.0,111659.0,87357.0
209,8043,蜜望實,142.0,6.5,4.8,09/04,230.0,1786.0,231.0,2515,10794.0,2526.0,3870.0,8435.0,7016.0,9371.0
210,6209,今國光,81.5,0.4,0.49,09/04,-691.0,-385.0,-231.0,2472,7228.0,25166.0,26679.0,23768.0,49437.0,27735.0
211,5309,系統電,52.0,1.3,2.56,09/04,698.0,1514.0,1973.0,2404,4273.0,5603.0,51940.0,29468.0,56355.0,37986.0
212,00939,統一台灣高息動能,23.89,0.32,1.36,09/04,1458.0,1783.0,1783.0,2395,4324.0,7417.0,-19527.0,1315.0,-4816.0,-1155.0
213,3594,磐儀,49.15,1.85,3.91,09/04,208.0,909.0,1206.0,2361,1929.0,968.0,4018.0,5586.0,6741.0,6718.0
214,6188,廣明,66.6,1.0,1.52,09/04,19.9,1201.0,1672.0,2307,3135.0,-6529.0,-36374.0,-95711.0,36769.0,-10703.0
215,2536,宏普,19.2,0.4,2.13,09/04,514.0,1370.0,1937.0,2306,1043.0,867.0,2745.0,3979.0,4415.0,4427.0
216,2345,智邦,2100.0,10.0,0.48,09/04,423.0,-30745.0,-18087.0,2304,-29579.0,-79835.0,-110999.0,-80887.0,-260018.0,-275231.0
217,6127,九豪,49.05,2.2,4.7,09/04,240.0,713.0,1624.0,2292,4372.0,7343.0,3179.0,6771.0,8028.0,6212.0
218,1231,聯華食,80.6,0.6,0.75,09/04,249.0,1002.0,1451.0,2289,3952.0,10829.0,14692.0,14583.0,50073.0,23310.0
219,3004,豐達科,121.5,-1.5,-1.22,09/04,934.0,1573.0,1621.0,2251,3559.0,-276.0,-12084.0,-4854.0,-4845.0,-5512.0
220,6425,易發,62.8,1.3,2.11,09/04,87.2,352.0,1117.0,2246,1475.0,1610.0,315.0,2085.0,-3506.0,-2630.0
221,2851,中再保,46.65,-0.65,-1.37,09/04,254.0,-213.0,-474.0,2239,593.0,1517.0,-1275.0,-1072.0,-32546.0,-11489.0
222,3596,智易,159.5,2.5,1.59,09/04,636.0,4701.0,4862.0,2233,-3397.0,15065.0,-349.0,51194.0,61708.0,65331.0
223,2072,世紀風電,136.0,-2.0,-1.45,09/04,-258.0,1394.0,1394.0,2229,3114.0,4016.0,,,,
224,8081,致新,254.5,3.0,1.19,09/04,-759.0,-1090.0,-858.0,2143,-8913.0,-15941.0,32410.0,80802.0,93764.0,73058.0
225,8109,博大,130.0,-1.0,-0.76,09/04,287.0,1354.0,2010.0,2128,4638.0,11791.0,13793.0,13617.0,15071.0,12855.0
226,3691,碩禾,99.0,1.4,1.43,09/04,49.3,654.0,1542.0,2113,560.0,-203.0,7264.0,32735.0,32431.0,35003.0
227,00985B,群益ESG投等債0-5,10.15,0.02,0.2,09/04,0.0,0.0,0.0,2108,2108.0,4015.0,3768.0,4533.0,,9130.0
228,1503,士電,207.5,6.5,3.23,09/04,782.0,-320.0,58.3,2089,-5891.0,-17970.0,59644.0,308676.0,260515.0,193264.0
229,2332,友訊,19.55,0.9,4.83,09/04,-1092.0,-846.0,1126.0,2087,7147.0,20620.0,66970.0,63723.0,51361.0,63119.0
230,6217,中探針,188.5,-7.0,-3.58,09/04,-2357.0,368.0,-53.6,2071,-5494.0,-745.0,90637.0,153129.0,126532.0,121802.0
231,2442,新美齊,19.3,0.0,0.0,09/04,862.0,1337.0,2151.0,2070,2720.0,2175.0,3437.0,7876.0,5573.0,10049.0
232,6166,凌華,121.5,7.5,6.58,09/04,132.0,1468.0,2823.0,2060,2965.0,4252.0,413.0,-1789.0,-4103.0,-1605.0
233,6831,邁科,605.0,20.0,3.42,09/04,832.0,1671.0,2407.0,2037,-3343.0,7097.0,31025.0,,,
234,1537,廣隆,115.5,-1.0,-0.86,09/04,532.0,1033.0,1314.0,1999,2322.0,3064.0,426.0,-247.0,-5598.0,-5796.0
235,2221,大甲,90.8,-0.7,-0.77,09/04,1369.0,1548.0,1548.0,1940,1594.0,616.0,1368.0,3245.0,3243.0,3245.0
236,4722,國精化,200.5,5.0,2.56,09/04,676.0,1220.0,812.0,1927,-619.0,3147.0,15365.0,-10769.0,3703.0,-55685.0
237,2049,上銀,363.0,18.5,5.37,09/04,142.0,-1626.0,-3281.0,1902,-7083.0,8884.0,-142262.0,-251721.0,-494733.0,-466035.0
238,6499,益安,73.2,1.5,2.09,09/04,108.0,370.0,685.0,1896,2702.0,811.0,2382.0,5668.0,5850.0,785.0
239,1227,佳格,28.55,0.0,0.0,09/04,271.0,525.0,676.0,1893,1025.0,297.0,-25156.0,-15450.0,2923.0,-8988.0
240,6903,巨漢,312.5,7.0,2.29,09/04,432.0,960.0,1931.0,1830,1268.0,2255.0,-630.0,8124.0,10038.0,7007.0
241,6005,群益證,32.75,0.4,1.24,09/04,277.0,966.0,1457.0,1824,4637.0,8047.0,-67080.0,-32586.0,-65658.0,-60034.0
242,6016,康和證,22.4,1.0,4.67,09/04,148.0,-780.0,-146.0,1815,749.0,5906.0,53757.0,57356.0,55938.0,58345.0
243,4137,麗豐-KY,79.3,-0.6,-0.75,09/04,468.0,959.0,1228.0,1811,3001.0,2611.0,5238.0,9774.0,7662.0,9093.0
244,2548,華固,94.6,1.1,1.18,09/04,-396.0,-237.0,-695.0,1794,2325.0,42664.0,98911.0,167612.0,151421.0,170470.0
245,2486,一詮,256.0,-3.5,-1.35,09/04,5234.0,11857.0,5636.0,1784,28866.0,47329.0,143649.0,119067.0,-30904.0,-98993.0
246,8040,九暘,75.0,0.3,0.4,09/04,374.0,1298.0,1298.0,1748,1417.0,-1116.0,7218.0,9034.0,8931.0,9163.0
247,1907,永豐餘,29.85,-0.45,-1.49,09/04,1036.0,1063.0,940.0,1721,1393.0,-6753.0,-31191.0,-18556.0,-14364.0,-10206.0
248,2103,台橡,28.25,0.3,1.07,09/04,630.0,644.0,988.0,1720,242.0,-6777.0,-6676.0,-2086.0,1993.0,2824.0
249,3312,弘憶股,52.8,0.8,1.54,09/04,-78.7,1119.0,1689.0,1708,1866.0,4131.0,6732.0,-6961.0,-4451.0,5048.0
250,6719,力智,191.0,4.0,2.14,09/04,-75.9,-228.0,-209.0,1700,3961.0,2323.0,3436.0,54757.0,60937.0,66043.0
251,8240,華宏,51.5,3.7,7.74,09/04,94.8,682.0,1166.0,1675,1950.0,1233.0,-414.0,3134.0,3634.0,4909.0
252,2641,正德,18.05,-0.05,-0.28,09/04,704.0,1185.0,1384.0,1673,391.0,1397.0,6980.0,8986.0,24730.0,12724.0
253,00675L,富邦臺灣加權正2,322.05,12.05,3.89,09/04,0.0,1191.0,2430.0,1671,1609.0,-27377.0,-4027.0,-47912.0,20926.0,-36985.0
254,2612,中航,63.3,0.0,0.0,09/04,63.4,558.0,258.0,1635,4963.0,4731.0,5015.0,1473.0,10965.0,-7913.0
255,9938,百和,41.15,-0.1,-0.24,09/04,-251.0,234.0,544.0,1606,-1036.0,2978.0,19956.0,64010.0,85910.0,73361.0
256,3227,原相,192.0,0.5,0.26,09/04,919.0,3046.0,2888.0,1605,6798.0,-20959.0,-25909.0,-77243.0,-17729.0,-6121.0
257,6205,詮欣,65.9,0.5,0.76,09/04,65.6,513.0,590.0,1593,1079.0,1834.0,-1325.0,10295.0,13744.0,13255.0
258,9911,櫻花,81.2,-0.9,-1.1,09/04,605.0,719.0,1171.0,1593,612.0,-1346.0,-8231.0,1134.0,1916.0,-5382.0
259,6667,信紘科,239.5,21.5,9.86,09/04,592.0,769.0,1007.0,1565,2049.0,2928.0,8812.0,18807.0,18949.0,27554.0
260,6706,惠特,127.0,6.5,5.39,09/04,274.0,1874.0,1616.0,1561,2575.0,4588.0,9701.0,-8836.0,-4448.0,-19384.0
261,3264,欣銓,227.0,1.0,0.44,09/04,-22.8,-899.0,345.0,1547,6444.0,2295.0,-74377.0,-8239.0,-27557.0,-25664.0
262,2887I,台新新光辛特,9.52,0.0,0.0,09/04,424.0,1312.0,1468.0,1525,1735.0,1760.0,-527.0,1775.0,2211.0,1406.0
263,3577,泓格,112.5,3.0,2.74,09/04,44.6,525.0,765.0,1524,2266.0,1565.0,8181.0,8088.0,6536.0,7154.0
264,3147,大綜,223.5,8.5,3.95,09/04,309.0,1400.0,1532.0,1515,-734.0,-6593.0,-28094.0,-34108.0,-28570.0,-32865.0
265,2540,愛山林,47.15,0.0,0.0,09/04,18.8,316.0,543.0,1514,-284.0,-895.0,-15197.0,-8210.0,46206.0,3344.0
266,6469,大樹,67.4,0.2,0.3,09/04,74.0,229.0,243.0,1497,3554.0,12691.0,4946.0,4175.0,31642.0,24045.0
267,6023,元大期,86.4,0.3,0.35,09/04,425.0,926.0,-480.0,1476,2178.0,3439.0,4442.0,4133.0,1564.0,3492.0
268,6588,東典光電,108.5,5.5,5.34,09/04,275.0,743.0,578.0,1450,4860.0,5716.0,6213.0,14989.0,,13457.0
269,2406,國碩,27.25,0.2,0.74,09/04,236.0,697.0,879.0,1448,1567.0,2381.0,44678.0,26054.0,29516.0,26037.0
270,6525,捷敏-KY,138.0,2.5,1.85,09/04,179.0,1291.0,2140.0,1419,2211.0,18294.0,28297.0,30299.0,30868.0,30230.0
271,2485,兆赫,41.3,0.6,1.47,09/04,390.0,377.0,215.0,1419,-1396.0,-7202.0,-16178.0,-7923.0,16190.0,-8776.0
272,00990A,主動元大AI新經濟,14.96,0.31,2.12,09/04,0.0,0.0,1184.0,1415,877.0,-11910.0,-19902.0,-818.0,,-99061.0
273,3078,僑威,46.1,0.1,0.22,09/04,1029.0,2058.0,2351.0,1413,1599.0,-5127.0,15151.0,24968.0,24553.0,8826.0
274,6739,竹陞科技,1135.0,60.0,5.58,09/04,-111.0,-1.21,457.0,1399,3070.0,3840.0,2855.0,20078.0,26009.0,11966.0
275,00720B,元大投資級公司債,31.82,0.03,0.09,09/04,3.18,502.0,929.0,1388,3925.0,7362.0,7452.0,7414.0,-3429.0,1480.0
276,8112,至上,90.5,1.2,1.34,09/04,9424.0,-14052.0,-9143.0,1386,-21877.0,-214319.0,-61927.0,-53735.0,-94036.0,-225902.0
277,6579,研揚,150.5,8.0,5.61,09/04,180.0,826.0,1005.0,1385,3200.0,5742.0,12474.0,7895.0,11840.0,9816.0
278,9910,豐泰,68.9,1.2,1.77,09/04,6.86,489.0,372.0,1371,-4006.0,-17822.0,70402.0,176999.0,87809.0,140583.0
279,4540,全球傳動,60.8,1.3,2.18,09/04,72.9,860.0,1139.0,1359,7.55,448.0,4646.0,14899.0,8120.0,11988.0
280,4542,科嶠,283.5,4.5,1.61,09/04,-424.0,98.5,218.0,1344,1572.0,7509.0,10105.0,12750.0,13565.0,13471.0
281,7777,能率亞洲,38.3,0.25,0.66,09/04,153.0,354.0,627.0,1332,2160.0,561.0,1906.0,3216.0,,4343.0
282,1536,和大,49.8,0.6,1.22,09/04,148.0,951.0,1030.0,1318,-753.0,-6843.0,-4816.0,-906.0,-16281.0,-14773.0
283,6175,立敦,71.8,2.5,3.61,09/04,353.0,543.0,371.0,1295,131.0,1018.0,-1623.0,1930.0,230.0,-4368.0
284,3689,湧德,116.5,2.0,1.75,09/04,1239.0,4658.0,1684.0,1286,2829.0,1547.0,11182.0,14376.0,-1985.0,-5722.0
285,7786,東方風能,116.5,0.0,0.0,09/04,163.0,281.0,445.0,1276,2587.0,3253.0,4814.0,,,
286,8070,長華*,50.5,1.3,2.64,09/04,186.0,525.0,586.0,1270,1709.0,181.0,-43118.0,-38118.0,-121587.0,-98782.0
287,8383,千附,65.2,1.0,1.56,09/04,163.0,470.0,959.0,1254,2730.0,7051.0,7213.0,7572.0,5624.0,3717.0
288,4916,事欣科,97.3,0.6,0.62,09/04,321.0,1425.0,181.0,1224,4030.0,20939.0,31056.0,7989.0,12927.0,-2558.0
289,2231,為升,90.6,0.6,0.67,09/04,362.0,734.0,790.0,1176,3489.0,4677.0,1227.0,5472.0,19103.0,1877.0
290,5392,能率,42.95,-0.05,-0.12,09/04,372.0,1186.0,1186.0,1163,-914.0,-8419.0,-8311.0,-2746.0,12435.0,-9732.0
291,3701,大眾控,41.95,1.5,3.71,09/04,-452.0,944.0,997.0,1161,819.0,727.0,-3366.0,5556.0,7868.0,2888.0
292,00795B,中信美國公債20年,25.9,0.02,0.08,09/04,0.0,517.0,1135.0,1135,880.0,14066.0,15360.0,23408.0,-63637.0,5273.0
293,1709,和益,34.0,0.55,1.64,09/04,-20.6,27.1,1048.0,1126,873.0,1130.0,1540.0,2558.0,2860.0,2256.0
294,2465,麗臺,99.2,3.0,3.12,09/04,127.0,814.0,846.0,1121,1292.0,-747.0,2287.0,8068.0,8068.0,8068.0
295,4760,勤凱,264.0,6.0,2.33,09/04,740.0,581.0,581.0,1120,2214.0,2950.0,21038.0,26936.0,21532.0,13972.0
296,4147,中裕,63.6,0.4,0.63,09/04,108.0,255.0,751.0,1118,-4446.0,-9221.0,-6491.0,-4257.0,15016.0,11942.0
297,6180,橘子,41.8,1.05,2.58,09/04,62.0,254.0,438.0,1116,261.0,554.0,10507.0,10592.0,-12258.0,-910.0
298,006208,富邦台50,247.25,3.45,1.42,09/04,1010.0,1059.0,1059.0,1107,2216.0,-68044.0,-69882.0,-96071.0,-224266.0,-51477.0
299,3033,威健,43.95,-0.2,-0.45,09/04,-83.4,576.0,727.0,1104,-8851.0,-7693.0,-7100.0,-65044.0,-62207.0,-55693.0
300,009826,貝萊德世界股票,10.16,0.11,1.09,09/04,0.0,-1087.0,-1087.0,1100,5983.0,19466.0,,,,
