排名,代號,名稱,成交,漲跌 價,漲跌 幅,法人 買賣 日期,當日 買賣超 佔 成交,2日 買賣超 佔 成交,3日 買賣超 佔 成交,5日 買賣超 佔 成交,10日 買賣超 佔 成交,1個月 買賣超 佔 成交,3個月 買賣超 佔 成交,半年 買賣超 佔 成交,1年 買賣超 佔 成交,3年 買賣超 佔 成交,10年 買賣超 佔 成交,今年 買賣超 佔 成交
1,00709,富邦歐洲,40.92,0.24,0.59,09/04,0.0,26.6,62.9,40.5,32.0,25.5,20.2,8.45,4.02,1.43,,6.03
2,9802,鈺齊-KY,72.3,0.1,0.14,09/04,40.9,47.3,37.7,34.2,19.1,0.57,-2.04,-0.42,-0.29,0.6,0.03,-0.57
3,2542,興富發,48.55,-0.1,-0.21,09/04,48.0,37.8,34.8,33.0,20.8,11.6,16.2,10.7,6.78,1.46,0.6,8.91
4,009814,富邦標普500,11.43,0.12,1.06,09/04,0.0,0.0,31.4,29.0,24.5,27.4,14.6,5.49,,,,3.25
5,00694B,富邦美債1-3,41.73,0.02,0.05,09/04,0.0,50.4,30.0,25.2,17.3,8.43,3.0,1.0,0.95,-1.14,,0.87
6,2903,遠百,22.3,0.0,0.0,09/04,20.1,43.9,31.9,23.6,11.4,8.36,10.5,3.53,5.38,0.36,0.75,0.27
7,006205,富邦上証,40.78,0.28,0.69,09/04,0.0,15.1,24.5,22.7,12.9,6.83,1.04,-1.01,-0.5,-0.43,-1.08,-0.75
8,2855,統一證,50.7,0.1,0.2,09/04,5.08,14.2,18.6,22.0,18.9,20.0,13.5,10.0,6.69,3.59,1.68,7.58
9,2850,新產,159.0,0.0,0.0,09/04,12.8,30.1,25.0,21.3,11.3,4.56,-2.32,-3.45,-5.01,1.98,0.8,-4.04
10,6515,穎崴,7075.0,75.0,1.07,09/04,29.4,28.5,26.0,20.9,9.69,-5.03,-5.8,-3.68,0.38,0.18,,-1.35
11,5306,桂盟,92.6,-1.9,-2.01,09/04,5.3,21.2,17.5,20.6,14.1,3.4,1.18,0.66,0.27,0.04,-0.25,0.38
12,1229,聯華,41.85,-0.25,-0.59,09/04,15.2,29.1,20.7,20.3,11.8,4.44,1.55,0.73,0.47,0.21,0.06,0.61
13,2027,大成鋼,50.2,0.0,0.0,09/04,14.9,16.5,17.2,17.3,8.79,-1.36,-0.23,-1.14,0.44,-0.35,0.02,-0.46
14,8464,億豐,373.5,6.0,1.63,09/04,0.58,0.33,19.6,16.5,8.73,4.23,12.0,3.68,2.11,0.85,0.28,3.36
15,2379,瑞昱,713.0,6.0,0.85,09/04,10.1,13.0,16.0,16.2,10.7,5.65,8.5,4.33,1.14,1.39,0.98,2.54
16,6592,和潤企業,61.0,0.1,0.16,09/04,11.2,32.5,20.1,15.5,8.61,4.23,-0.65,0.03,-0.06,-0.23,,0.01
17,1102,亞泥,35.1,-0.1,-0.28,09/04,14.8,29.6,19.3,15.4,6.87,2.83,-11.2,-8.03,-3.51,-1.82,-0.62,-7.07
18,7780,大研生醫*,16.7,0.05,0.3,09/04,10.6,20.6,13.4,15.3,9.11,4.29,0.92,0.26,,,,0.11
19,2006,東和鋼鐵,81.6,-1.0,-1.21,09/04,9.04,24.2,16.5,14.4,8.69,3.64,-10.2,-7.26,-6.76,-2.3,-0.04,-7.14
20,1402,遠東新,29.15,0.05,0.17,09/04,11.9,26.8,19.7,14.3,13.9,10.2,18.9,4.5,1.04,-0.36,1.23,2.49
21,2633,台灣高鐵,26.1,-0.1,-0.38,09/04,11.9,21.5,17.7,14.1,10.1,13.7,21.9,9.52,6.64,3.16,,7.93
22,8938,明安,52.7,1.9,3.74,09/04,55.7,34.8,25.5,13.8,7.04,3.65,5.85,1.72,0.88,0.36,0.03,1.29
23,00695B,富邦美債7-10,34.62,0.04,0.12,09/04,0.0,0.0,0.0,13.7,3.66,24.9,18.5,9.57,4.02,1.13,,6.46
24,9933,中鼎,40.4,-0.4,-0.98,09/04,6.15,16.2,14.6,11.3,6.36,2.31,0.49,0.25,0.15,0.06,0.03,0.16
25,2891,中信金,68.4,0.9,1.33,09/04,7.06,7.38,9.41,11.2,7.23,2.49,-1.01,-1.76,-6.15,4.74,2.37,-2.75
26,2618,長榮航,42.5,-0.3,-0.7,09/04,10.1,11.9,11.8,11.1,5.45,1.94,-1.23,4.77,0.38,2.69,0.8,1.83
27,2520,冠德,37.1,0.2,0.54,09/04,2.32,11.6,9.99,10.9,6.73,2.9,0.62,0.35,-8.34,-0.1,-0.06,-0.88
28,00740B,富邦全球投等債,37.31,0.07,0.19,09/04,17.1,5.58,4.79,10.8,8.24,7.43,3.8,1.35,0.67,0.14,,1.1
29,4736,泰博,127.0,0.0,0.0,09/04,12.9,8.93,13.2,10.8,6.75,4.57,2.84,1.49,0.27,-0.39,-0.03,0.34
30,2357,華碩,1025.0,54.0,5.56,09/04,2.05,5.58,7.41,10.5,7.09,2.97,-1.58,1.08,2.66,2.05,1.36,-0.16
31,00652,富邦印度,33.05,-0.09,-0.27,09/04,0.0,0.0,13.2,9.95,11.1,11.3,4.1,1.56,0.8,0.18,0.09,1.12
32,3374,精材,430.0,30.0,7.5,09/04,0.0,-0.04,-0.04,9.92,6.7,3.31,1.04,0.57,0.52,0.09,0.04,0.58
33,6177,達麗,49.2,0.45,0.92,09/04,3.49,9.05,6.87,9.69,5.46,1.74,2.59,-0.46,-0.29,0.19,0.13,-0.98
34,3406,玉晶光,1055.0,64.0,6.46,09/04,-0.65,-0.79,-0.54,9.48,6.3,6.46,2.3,1.11,1.0,0.65,0.08,0.52
35,1808,潤隆,34.7,-1.1,-3.07,09/04,5.31,15.9,10.7,9.45,4.63,2.39,1.02,0.51,-4.08,0.18,0.12,-3.12
36,1476,儒鴻,313.0,-0.5,-0.16,09/04,1.03,0.8,5.32,9.2,4.93,3.11,2.1,1.86,1.13,0.69,0.17,1.29
37,6670,復盛應用,275.5,0.5,0.18,09/04,7.29,19.3,10.2,8.91,7.13,1.43,8.77,4.78,-4.75,2.92,,2.81
38,5274,信驊,17470.0,-380.0,-2.13,09/04,4.67,1.36,15.8,8.53,0.76,2.14,1.8,2.06,2.26,0.37,-0.12,1.96
39,2882,國泰金,115.0,2.5,2.22,09/04,0.01,6.07,9.39,8.52,5.3,3.1,-2.72,-8.09,-8.99,4.58,1.98,-7.69
40,3231,緯創,198.0,9.5,5.04,09/04,4.09,9.95,9.28,8.12,5.34,0.75,2.55,1.98,0.87,0.04,0.22,1.4
41,5534,長虹,76.6,0.0,0.0,09/04,0.0,10.1,7.59,7.67,4.24,2.58,0.68,2.29,0.89,0.31,0.03,1.84
42,8415,大國鋼,37.55,0.2,0.54,09/04,9.03,3.79,2.76,7.58,3.82,1.58,0.97,0.3,0.2,0.07,,0.49
43,3015,全漢,53.3,1.1,2.11,09/04,12.4,8.96,11.7,7.43,3.41,1.13,0.67,0.19,0.73,0.28,0.14,0.02
44,4938,和碩,95.4,5.0,5.53,09/04,0.14,5.5,8.95,7.18,5.04,7.07,2.38,4.22,-2.07,1.08,0.39,1.34
45,2801,彰銀,26.6,0.0,0.0,09/04,16.4,5.15,6.95,7.04,4.44,1.59,10.1,6.57,2.57,0.68,0.73,2.52
46,8924,大田,51.3,1.0,1.99,09/04,27.2,14.0,8.86,6.89,4.23,1.7,4.62,1.71,0.92,0.29,0.01,1.37
47,2353,宏碁,32.7,1.45,4.64,09/04,0.48,1.25,4.19,6.87,4.81,1.94,-3.94,-1.92,-1.53,-1.19,0.19,-1.66
48,2890,永豐金,42.85,0.25,0.59,09/04,13.8,9.69,14.8,6.49,3.61,11.7,14.8,6.9,5.51,0.66,1.65,5.95
49,6510,精測,3350.0,0.0,0.0,09/04,13.3,5.2,7.21,6.34,3.45,1.56,-2.71,-2.4,-0.23,0.53,0.07,-1.23
50,2897,王道銀行,10.85,-0.05,-0.46,09/04,5.28,8.53,5.77,6.32,4.47,2.97,0.89,0.14,-0.07,0.05,,0.09
51,2382,廣達,345.0,10.0,2.99,09/04,1.18,1.29,2.16,6.3,4.04,2.12,9.02,10.2,5.51,0.98,0.98,8.11
52,3045,台灣大,118.0,0.0,0.0,09/04,7.39,8.68,6.96,6.18,3.53,1.58,3.51,4.51,7.21,5.79,3.45,2.72
53,9941,裕融,81.3,0.4,0.49,09/04,-0.44,-0.55,-0.23,6.08,6.57,5.3,13.3,7.18,8.14,3.29,1.52,8.91
54,00645,富邦日本,58.0,0.25,0.43,09/04,2.66,24.9,18.9,5.89,11.9,14.1,6.59,2.58,0.92,0.14,0.07,1.67
55,6763,綠界科技*,41.25,0.45,1.1,09/04,18.1,8.22,6.94,5.77,3.88,1.63,0.18,0.06,0.01,0.01,,0.04
56,2610,華航,20.45,-0.1,-0.49,09/04,1.92,2.71,6.91,5.7,2.13,2.22,2.1,0.55,-0.41,1.55,0.32,-0.66
57,3665,貿聯-KY,2145.0,45.0,2.14,09/04,22.8,8.35,3.49,5.68,1.47,-3.08,4.26,0.55,-0.44,0.85,0.44,-1.43
58,2368,金像電,1045.0,-55.0,-5.0,09/04,1.08,-6.38,-1.88,5.64,3.47,3.45,-2.29,0.29,-0.13,-0.22,0.15,-1.14
59,8215,明基材,25.55,0.25,0.99,09/04,10.0,7.29,8.24,5.43,3.1,1.67,0.37,0.17,0.12,0.08,0.0,0.17
60,2884,玉山金,43.55,0.35,0.81,09/04,8.54,3.74,5.64,5.36,5.44,12.4,7.52,0.05,4.84,3.75,1.46,0.81
61,2497,怡利電,45.0,0.35,0.78,09/04,12.0,5.73,4.71,5.35,3.12,0.94,0.14,-0.22,0.05,0.01,0.0,0.07
62,6703,軒郁,103.5,1.5,1.47,09/04,24.2,15.2,9.09,5.33,2.85,0.84,3.17,1.11,0.68,0.11,,0.93
63,2851,中再保,46.65,-0.65,-1.37,09/04,2.62,7.63,5.85,5.31,1.99,0.88,1.02,0.45,0.48,0.15,0.07,0.48
64,6472,保瑞,416.0,4.5,1.09,09/04,-0.31,-0.09,-0.06,5.25,6.35,7.01,2.2,0.76,-0.02,-0.04,,0.33
65,9910,豐泰,68.9,1.2,1.77,09/04,7.24,6.95,4.07,5.18,2.96,4.23,6.01,9.18,5.98,2.89,0.95,6.59
66,3532,台勝科,399.0,18.0,4.72,09/04,0.18,6.37,4.89,5.05,4.44,4.44,3.08,2.6,1.66,0.99,0.11,1.97
67,3034,聯詠,524.0,-3.0,-0.57,09/04,2.8,-0.09,-2.42,5.04,2.65,1.85,-0.71,-1.54,-4.5,2.35,0.67,-2.78
68,3131,弘塑,2385.0,20.0,0.85,09/04,1.13,0.57,2.05,5.02,0.32,-2.0,0.44,0.38,-0.82,-0.32,-0.01,-0.65
69,3491,昇達科,1505.0,100.0,7.12,09/04,10.1,5.69,4.11,4.99,7.42,4.02,0.58,0.55,-0.11,0.3,0.08,0.24
70,6409,旭隼,965.0,-7.0,-0.72,09/04,1.51,0.76,4.27,4.98,2.7,2.31,5.78,3.79,2.31,1.54,0.88,3.14
71,6214,精誠,185.5,2.5,1.37,09/04,2.59,6.15,5.08,4.96,2.18,5.02,2.61,1.74,0.97,0.09,0.21,1.52
72,5876,上海商銀,46.3,0.35,0.76,09/04,9.63,17.8,7.74,4.75,2.85,1.76,8.86,8.24,-2.49,5.04,,4.97
73,00713,元大台灣高息低波,63.45,0.35,0.55,09/04,22.5,11.7,7.29,4.7,10.8,5.05,1.58,0.82,0.11,0.16,,0.48
74,5871,中租-KY,111.5,0.0,0.0,09/04,5.11,2.4,1.15,4.68,2.1,0.4,8.68,7.22,-1.72,2.29,1.05,3.62
75,2603,長榮,233.0,-6.0,-2.51,09/04,7.84,10.7,9.15,4.67,-1.86,0.47,-1.52,3.55,1.04,1.93,0.22,1.45
76,2395,研華,711.0,37.0,5.49,09/04,6.77,5.4,3.96,4.66,5.02,4.17,2.69,1.31,0.61,0.65,0.37,1.35
77,4763,材料*-KY,50.3,1.2,2.44,09/04,3.8,8.33,4.21,4.61,2.43,1.16,0.67,-2.33,-1.45,-0.66,-0.42,-2.58
78,2887,台新新光金,41.5,0.05,0.12,09/04,6.2,3.4,6.28,4.51,3.73,11.2,9.19,5.19,8.5,7.6,4.25,5.34
79,6121,新普,397.0,2.5,0.63,09/04,16.1,5.7,5.45,4.35,-3.2,1.04,-5.92,-6.5,-10.0,0.71,0.71,-9.98
80,3008,大立光,7400.0,250.0,3.5,09/04,-8.67,-3.96,-3.54,4.21,3.76,3.16,2.89,1.56,1.88,0.88,0.34,1.69
81,2449,京元電子,262.0,1.0,0.38,09/04,-0.62,-0.26,1.29,4.02,2.93,0.71,-0.24,-2.23,-0.75,-0.42,-0.27,-1.8
82,5269,祥碩,1430.0,-10.0,-0.69,09/04,3.46,1.39,3.06,3.82,2.2,-0.3,4.75,2.23,1.02,0.42,0.08,1.73
83,6548,長科*,75.2,3.9,5.47,09/04,2.7,1.67,0.99,3.81,1.66,1.14,2.42,1.63,1.9,1.08,,1.92
84,3706,神達,92.5,1.0,1.09,09/04,1.55,7.14,5.81,3.77,4.55,3.14,5.94,3.46,0.6,0.3,0.13,2.53
85,2845,遠東銀,13.65,0.0,0.0,09/04,8.97,2.31,1.37,3.75,3.29,3.3,11.0,7.19,4.27,0.63,0.81,5.88
86,2597,潤弘,169.0,1.0,0.6,09/04,0.0,0.0,-0.14,3.7,2.29,1.03,19.5,15.1,9.98,4.21,2.28,13.0
87,6278,台表科,200.0,8.5,4.44,09/04,11.2,6.39,5.36,3.68,7.04,3.03,-0.88,-1.14,-2.33,1.25,0.27,-1.94
88,6561,是方,322.0,-0.5,-0.16,09/04,15.7,7.52,4.13,3.5,2.6,1.13,-2.89,-1.76,-0.12,0.21,,-0.94
89,3661,世芯-KY,4220.0,170.0,4.2,09/04,0.11,0.97,3.08,3.41,2.17,-1.48,-0.91,-0.69,-0.84,-0.41,0.04,-0.32
90,6187,萬潤,1305.0,5.0,0.38,09/04,0.65,0.26,-0.27,3.36,6.61,3.92,2.25,2.73,1.28,0.35,0.12,2.2
91,2376,技嘉,361.0,10.5,3.0,09/04,-7.47,-3.21,0.83,3.13,-2.57,-0.75,2.31,1.94,1.2,-0.44,0.02,1.63
92,8081,致新,254.5,3.0,1.19,09/04,0.0,0.0,-0.86,3.12,1.21,1.99,1.72,1.25,0.83,0.96,0.08,1.38
93,2313,華通,249.5,13.5,5.72,09/04,0.09,0.14,1.41,3.11,3.12,2.51,1.13,0.21,0.31,0.04,0.1,0.39
94,4958,臻鼎-KY,463.0,-1.0,-0.22,09/04,-0.61,-1.06,-0.04,3.05,1.48,0.28,1.25,0.91,0.2,0.14,0.29,0.73
95,6640,均華,1250.0,65.0,5.49,09/04,11.4,5.6,3.59,3.04,2.82,2.23,0.87,0.26,-0.05,0.08,,0.14
96,5434,崇越,538.0,11.0,2.09,09/04,5.74,1.63,0.37,3.0,1.2,-0.54,7.81,4.03,0.22,1.76,0.6,2.89
97,2455,全新,528.0,3.0,0.57,09/04,-0.28,1.42,2.6,2.93,2.55,2.8,1.82,1.5,0.14,0.09,0.11,1.07
98,2352,佳世達,29.25,0.75,2.63,09/04,5.3,3.58,3.97,2.88,1.7,1.34,6.48,4.0,2.55,0.23,0.15,3.36
99,2881,富邦金,150.5,3.5,2.38,09/04,-0.19,2.29,-0.02,2.83,3.23,0.74,4.49,-4.4,-1.22,4.24,1.7,-5.63
100,00662,富邦NASDAQ,120.55,2.1,1.77,09/04,0.0,2.39,2.74,2.8,2.26,1.49,0.5,0.15,0.14,0.06,0.04,0.12
101,6191,精成科,82.5,1.1,1.35,09/04,1.02,0.67,1.91,2.79,1.36,1.78,5.45,1.64,0.35,0.08,0.17,0.96
102,3450,聯鈞,580.0,26.0,4.69,09/04,-0.06,-4.13,-0.84,2.78,0.46,2.75,1.67,0.79,0.33,0.14,0.11,0.69
103,3026,禾伸堂,701.0,63.0,9.87,09/04,1.34,-0.1,-0.07,2.74,0.68,1.6,2.03,2.48,1.83,1.68,0.32,2.26
104,6727,亞泰金屬,541.0,-9.0,-1.64,09/04,0.0,0.0,0.0,2.69,3.26,1.87,0.74,0.33,0.23,0.17,,0.28
105,2467,志聖,603.0,8.0,1.34,09/04,1.45,5.52,2.64,2.67,1.09,-1.15,-0.82,0.09,0.16,0.08,0.04,0.15
106,1723,中碳,86.0,-0.9,-1.04,09/04,2.55,2.39,3.77,2.62,1.53,0.61,0.28,0.47,0.17,-0.66,-0.04,0.42
107,6509,聚和,46.8,-0.15,-0.32,09/04,5.18,2.38,3.96,2.6,1.37,0.5,0.17,0.09,0.13,0.13,0.02,0.06
108,6669,緯穎,2565.0,90.0,3.64,09/04,8.75,8.1,3.32,2.48,2.68,-0.23,3.98,3.86,1.8,0.39,,2.19
109,2207,和泰車,539.0,18.0,3.45,09/04,2.32,0.0,-2.79,2.45,1.75,2.88,-14.0,-8.87,-4.49,-1.75,-0.44,-7.85
110,2454,聯發科,4415.0,75.0,1.73,09/04,3.86,4.33,3.93,2.44,0.87,-3.36,-2.11,-0.92,-0.17,-0.03,0.21,-0.43
111,6531,愛普*,911.0,-1.0,-0.11,09/04,0.03,3.96,3.11,2.39,1.96,-4.57,-2.43,0.79,0.39,0.17,0.07,0.36
112,2377,微星,161.5,11.0,7.31,09/04,6.51,4.22,4.14,2.38,1.72,0.83,4.79,1.92,0.09,-0.26,-0.17,1.75
113,3708,上緯投控,100.5,0.5,0.5,09/04,3.58,3.25,3.94,2.29,1.22,0.42,0.13,0.52,0.22,-0.03,-0.07,0.35
114,4953,緯致,120.0,1.0,0.84,09/04,6.72,2.49,1.97,2.21,1.33,0.56,0.45,0.21,-0.04,0.01,-0.03,-0.06
115,2351,順德,239.5,16.5,7.4,09/04,2.97,3.52,3.33,2.19,1.25,-0.55,0.5,0.44,0.37,0.11,0.0,0.42
116,2211,長榮鋼,83.0,-0.6,-0.72,09/04,-1.29,-0.97,-0.68,2.15,1.03,0.1,1.39,-0.32,5.28,1.41,,-0.45
117,6442,光聖,1755.0,-15.0,-0.85,09/04,-2.62,3.62,3.12,2.11,0.43,1.2,-0.11,-1.09,-0.14,0.17,0.14,-0.63
118,2892,第一金,37.3,0.45,1.22,09/04,4.28,-1.0,4.13,2.1,-0.5,5.5,15.2,9.04,-0.74,1.88,1.18,7.71
119,6691,洋基工程,619.0,16.0,2.65,09/04,5.53,2.39,0.65,2.05,1.17,3.06,7.9,3.94,1.74,0.49,,2.29
120,2356,英業達,67.5,2.5,3.85,09/04,1.04,0.59,1.21,2.03,1.46,0.18,0.87,1.67,0.54,-0.19,0.14,1.3
121,2481,強茂,156.0,0.0,0.0,09/04,1.74,2.96,2.72,2.01,1.6,0.61,-0.25,0.56,0.39,0.48,0.16,0.26
122,8996,高力,1300.0,115.0,9.7,09/04,0.59,1.69,2.44,1.92,5.42,8.89,4.43,2.76,1.0,0.38,0.15,2.09
123,1210,大成,52.2,0.4,0.77,09/04,-0.65,-0.29,-0.16,1.87,-1.65,1.17,15.4,10.1,3.17,4.04,0.9,7.67
124,006201,元大富櫃50,44.18,0.84,1.94,09/04,0.0,0.0,2.94,1.81,4.64,0.97,3.4,1.57,-0.9,-1.09,-5.39,0.49
125,8109,博大,130.0,-1.0,-0.76,09/04,4.37,1.21,2.2,1.79,0.93,0.34,0.24,0.81,0.48,0.15,0.07,0.68
126,2404,漢唐,1070.0,35.0,3.38,09/04,0.79,0.28,0.57,1.77,1.2,-0.65,-2.59,-3.72,-3.38,0.22,0.09,-3.05
127,3017,奇鋐,3570.0,270.0,8.18,09/04,10.2,6.34,2.68,1.73,6.06,5.05,3.46,2.52,1.01,-0.37,0.16,0.94
128,3090,日電貿,176.5,14.0,8.62,09/04,0.68,4.05,3.31,1.69,0.82,1.29,0.17,0.5,0.3,0.61,0.27,0.03
129,4915,致伸,60.8,1.2,2.01,09/04,3.47,1.57,1.08,1.68,0.78,4.87,6.28,1.34,-0.45,2.16,0.73,1.33
130,8926,台汽電,57.5,0.9,1.59,09/04,2.25,2.36,3.27,1.64,0.91,0.17,2.99,1.8,1.5,0.78,0.34,1.71
131,2886,兆豐金,49.55,-0.85,-1.69,09/04,10.8,3.97,6.08,1.64,-1.28,7.04,21.1,13.8,8.18,4.73,2.04,11.3
132,6890,來億-KY,169.5,0.5,0.3,09/04,0.0,0.0,0.0,1.58,0.6,0.25,18.0,13.4,5.55,,,9.75
133,2528,皇普,20.25,0.45,2.27,09/04,9.79,7.5,3.15,1.49,0.8,0.24,3.36,1.06,0.62,0.2,0.13,1.0
134,5309,系統電,52.0,1.3,2.56,09/04,3.36,1.36,2.44,1.49,0.58,0.17,0.07,-0.07,-0.01,-0.03,0.01,-0.06
135,2480,敦陽科,156.0,0.5,0.32,09/04,8.1,4.38,2.28,1.48,0.8,0.2,0.43,0.56,-0.24,0.08,0.04,0.33
136,00982A,主動群益台灣強棒,22.96,0.55,2.45,09/04,0.0,0.0,0.0,1.48,0.79,0.33,-0.07,0.03,0.02,,,0.03
137,1303,南亞,225.5,4.5,2.04,09/04,-0.04,0.07,1.05,1.44,2.4,1.7,5.38,2.75,1.48,0.35,0.6,1.94
138,2301,光寶科,308.0,9.0,3.01,09/04,1.86,1.31,1.43,1.39,2.44,2.22,-0.83,-1.42,-2.78,-0.63,0.03,-1.78
139,1519,華城,746.0,24.0,3.32,09/04,0.06,0.07,3.0,1.39,1.04,0.52,-0.29,-1.09,-0.42,-0.5,-0.02,-0.78
140,3234,光環,206.0,11.5,5.91,09/04,0.95,3.12,1.86,1.38,0.7,0.37,0.18,0.12,0.07,-0.03,0.0,0.08
141,00980A,主動野村臺灣優選,24.72,0.51,2.11,09/04,7.37,3.56,2.64,1.31,2.71,3.97,8.73,4.04,2.09,,,3.04
142,2002,中鋼,19.1,0.1,0.53,09/04,2.17,1.13,1.18,1.26,0.66,0.17,-9.05,-4.32,-2.85,-2.47,-0.45,-3.07
143,9917,中保科,106.5,0.5,0.47,09/04,5.76,3.18,2.31,1.24,0.89,0.31,5.69,1.35,1.29,0.56,0.23,1.38
144,3105,穩懋,449.5,3.0,0.67,09/04,-0.58,-0.23,-0.05,1.23,3.06,2.31,0.43,0.74,0.58,0.41,0.07,0.68
145,5469,瀚宇博,71.6,0.4,0.56,09/04,7.09,3.09,2.32,1.22,0.55,0.71,8.07,3.09,1.3,-0.04,0.19,1.48
146,3324,雙鴻,1485.0,135.0,10.0,09/04,0.0,0.0,-1.82,1.22,2.81,1.75,0.86,-0.08,-0.02,-0.16,-0.11,-0.1
147,2637,慧洋-KY,99.8,0.0,0.0,09/04,0.11,0.89,1.3,1.22,-10.9,-6.69,-4.78,-4.45,-3.57,0.03,0.22,-5.18
148,4967,十銓,276.0,3.5,1.28,09/04,0.88,1.92,1.07,1.18,0.49,0.18,0.35,0.06,0.04,0.02,,0.03
149,6426,統新,269.5,4.0,1.51,09/04,2.74,1.31,0.92,1.16,0.55,0.3,0.17,0.06,0.03,0.02,0.0,0.04
150,2606,裕民,78.2,0.0,0.0,09/04,-0.03,0.61,0.5,1.13,-1.21,-0.6,-2.12,-5.14,-3.18,0.11,0.16,-6.11
151,7750,新代,2415.0,215.0,9.77,09/04,0.87,0.38,0.27,1.12,0.93,3.15,2.43,0.83,,,,0.81
152,2317,鴻海,256.0,8.5,3.43,09/04,2.34,1.15,1.03,1.12,0.53,-0.63,0.3,0.18,-0.32,0.08,0.16,-0.06
153,2495,普安,37.45,0.55,1.49,09/04,3.08,1.11,1.09,1.1,0.65,0.35,0.04,0.03,0.01,0.03,0.02,0.08
154,2474,可成,209.5,3.0,1.45,09/04,3.36,1.74,2.49,1.1,0.63,1.59,3.08,-4.26,-7.56,-0.06,0.65,-6.39
155,1319,東陽,82.6,1.2,1.47,09/04,-0.37,-0.4,-0.47,1.04,0.49,-0.32,-6.86,-2.22,-2.22,0.64,0.21,-2.48
156,2458,義隆,133.0,0.0,0.0,09/04,0.85,0.51,-0.17,1.03,-1.38,-0.15,3.7,1.78,0.38,2.58,0.44,-0.24
157,6412,群電,77.4,0.1,0.13,09/04,3.03,1.54,1.38,1.01,0.75,0.39,-7.79,-7.52,-8.88,-0.86,0.01,-7.98
158,1717,長興,76.1,-0.7,-0.91,09/04,-8.43,-4.69,-2.93,1.01,1.55,1.22,0.9,0.05,0.2,0.17,0.12,0.2
159,8454,富邦媒,245.0,7.0,2.94,09/04,-0.51,-0.23,-0.17,0.96,0.51,-0.02,6.76,7.34,5.42,2.27,0.99,6.91
160,6664,群翊,355.5,-7.5,-2.07,09/04,1.33,0.48,1.3,0.95,0.48,0.31,0.25,0.1,0.04,0.0,,0.01
161,8422,可寧衛*,26.1,-0.05,-0.19,09/04,5.36,2.36,1.75,0.9,0.44,3.76,0.41,-1.68,-0.36,-0.35,-0.33,-0.53
162,2303,聯電,130.0,5.0,4.0,09/04,1.1,-2.62,-2.37,0.87,0.32,-3.12,-5.68,-4.53,-4.54,0.66,0.36,-3.93
163,3264,欣銓,227.0,1.0,0.44,09/04,-7.92,1.47,-5.26,0.84,-6.54,5.35,0.53,-0.63,0.51,0.76,0.45,0.78
164,3260,威剛,400.5,5.5,1.39,09/04,1.35,0.95,0.31,0.84,0.81,0.24,-0.12,-1.15,-0.07,0.08,0.08,-1.16
165,3044,健鼎,488.5,1.0,0.21,09/04,1.57,2.27,3.11,0.8,1.78,4.42,-2.79,-2.29,-5.35,-1.06,0.06,-3.05
166,3702,大聯大,104.0,2.0,1.96,09/04,2.21,-0.76,0.63,0.77,4.78,0.15,4.05,-2.08,-4.35,-2.48,-0.21,-2.61
167,3059,華晶科,39.3,0.85,2.21,09/04,3.15,1.05,0.73,0.75,0.49,0.22,0.02,0.01,-0.2,-0.01,0.0,0.01
168,6505,台塑化,78.1,1.6,2.09,09/04,1.67,0.59,1.08,0.74,0.43,-1.71,0.01,-0.06,-0.18,-0.09,-0.02,-0.08
169,1605,華新,38.4,0.8,2.13,09/04,1.01,1.0,1.21,0.7,0.28,0.08,0.05,-0.26,0.0,-0.44,-0.25,-0.34
170,8112,至上,90.5,1.2,1.34,09/04,1.79,0.68,0.37,0.64,0.2,0.5,1.51,0.52,0.15,0.27,0.06,-0.02
171,8069,元太,148.5,1.5,1.02,09/04,2.26,0.81,2.18,0.6,0.89,0.39,2.25,2.5,1.59,0.59,0.07,2.25
172,2883,凱基金,36.7,0.8,2.23,09/04,1.03,0.5,0.48,0.6,-0.68,11.0,10.5,9.11,5.64,2.9,1.52,7.42
173,2439,美律,77.9,0.3,0.39,09/04,2.43,1.16,0.66,0.6,0.28,1.41,-2.34,-6.34,-9.21,0.06,-0.32,-6.05
174,6781,AES-KY,1115.0,55.0,5.19,09/04,0.0,1.65,1.07,0.56,0.27,0.1,0.06,-0.52,-1.28,-0.08,,-2.06
175,2530,華建,20.15,0.6,3.07,09/04,7.27,4.75,2.8,0.56,0.41,0.17,4.09,1.38,1.26,0.42,0.2,2.17
176,6577,勁豐,80.3,0.4,0.5,09/04,6.45,3.12,1.66,0.52,0.25,0.07,0.62,0.51,0.4,0.06,,0.46
177,00953B,群益優選非投等債,9.57,0.01,0.1,09/04,0.0,2.01,1.12,0.5,0.23,3.32,1.5,0.25,-0.61,,,0.13
178,1802,台玻,59.1,0.5,0.85,09/04,0.15,0.09,0.36,0.49,0.15,0.07,-0.09,-0.1,0.0,0.0,0.0,-0.09
179,3605,宏致,118.0,3.5,3.06,09/04,0.0,0.0,0.0,0.48,1.48,0.79,0.38,0.24,0.14,0.07,0.04,0.22
180,2615,萬海,115.0,-0.5,-0.43,09/04,0.18,0.85,0.54,0.46,0.11,0.23,0.22,-1.19,-5.2,-0.16,0.01,-1.32
181,6284,佳邦,79.1,3.5,4.63,09/04,1.87,0.85,0.71,0.43,0.29,0.15,0.02,-0.03,0.0,0.0,0.0,0.01
182,00646,元大S&P500,77.55,1.05,1.37,09/04,0.0,0.0,0.56,0.42,1.65,0.49,1.23,1.27,0.51,0.19,0.14,1.18
183,1514,亞力,102.0,1.5,1.49,09/04,2.05,0.98,0.58,0.41,0.2,0.11,0.01,0.03,-0.01,0.0,0.0,0.01
184,2645,長榮航太,173.5,2.0,1.17,09/04,-0.22,-0.54,-0.82,0.41,0.5,0.09,-1.58,-1.64,1.24,0.54,,-0.89
185,3014,聯陽,131.5,1.0,0.77,09/04,2.4,1.36,0.16,0.41,0.1,0.1,2.8,1.91,0.09,-0.11,0.18,1.2
186,2371,大同,28.15,0.55,1.99,09/04,1.81,0.76,1.56,0.4,0.14,0.05,-0.1,-0.09,-1.56,-0.01,0.01,-0.34
187,2915,潤泰全,57.6,0.8,1.41,09/04,-0.07,-0.77,-1.14,0.39,0.16,0.76,-0.1,-1.81,-4.94,-2.54,-0.72,-4.63
188,006208,富邦台50,247.25,3.45,1.42,09/04,0.0,0.49,0.59,0.39,0.28,-1.55,-0.1,0.0,-0.1,0.15,0.11,-0.04
189,2464,盟立,211.0,-11.0,-4.95,09/04,0.22,0.17,0.12,0.36,0.39,0.33,0.2,0.11,0.09,0.03,-0.07,0.09
190,2421,建準,178.0,13.5,8.21,09/04,0.81,0.52,0.67,0.36,0.24,0.01,0.23,0.52,0.46,-0.23,-0.02,0.43
191,4991,環宇-KY,497.0,12.5,2.58,09/04,0.0,0.0,-0.3,0.33,0.41,-0.29,-1.64,-0.78,-0.51,0.08,0.06,-0.85
192,3679,新至陞,105.5,-2.5,-2.31,09/04,1.03,1.33,0.42,0.32,0.13,0.02,2.69,1.41,0.67,0.15,0.03,1.11
193,6026,福邦證,15.15,0.1,0.66,09/04,3.72,1.53,0.5,0.31,0.03,-0.07,2.06,0.88,0.6,0.26,0.08,0.67
194,7828,創新服務,1930.0,175.0,9.97,09/04,0.0,0.0,0.11,0.3,0.16,-0.12,1.85,,,,,
195,3515,華擎,227.0,7.0,3.18,09/04,1.46,0.63,0.39,0.3,0.3,0.1,0.22,-0.14,-0.75,-0.09,-0.02,-0.84
196,3563,牧德,693.0,17.0,2.51,09/04,1.76,0.71,0.43,0.27,0.09,2.03,-0.29,-0.09,0.26,0.24,0.11,0.29
197,6526,達發,635.0,5.0,0.79,09/04,-2.99,-2.34,0.3,0.26,0.15,-1.53,0.32,1.21,0.6,,,1.07
198,2539,櫻花建,35.0,-0.1,-0.28,09/04,-0.12,-0.47,-0.66,0.26,0.12,0.04,-0.94,-0.44,-0.86,-0.02,-0.02,-0.43
199,6789,采鈺,468.0,2.5,0.54,09/04,-0.18,-0.57,-0.65,0.25,0.13,0.09,-0.32,-0.11,0.05,0.06,,0.04
200,00919,群益台灣精選高息,33.02,0.5,1.54,09/04,0.0,0.0,0.0,0.24,0.63,0.36,0.09,0.03,0.02,0.02,,0.02
201,3376,新日興,211.0,7.0,3.43,09/04,-0.03,-0.01,-0.01,0.24,0.09,0.07,-0.43,-0.25,-0.68,0.0,-0.2,0.14
202,4749,新應材,776.0,17.0,2.24,09/04,0.0,0.0,-0.19,0.24,-0.21,2.07,-0.58,-1.27,-0.57,,,-0.51
203,1409,新纖,24.55,-0.05,-0.2,09/04,-0.09,0.49,0.28,0.23,0.16,0.09,0.16,0.11,0.11,0.07,0.03,0.13
204,8016,矽創,293.5,3.5,1.21,09/04,-0.32,-0.31,-5.91,0.23,-0.72,-11.4,-2.33,-0.84,-0.9,0.83,-0.03,-1.51
205,9904,寶成,24.6,0.05,0.2,09/04,0.41,0.03,0.12,0.22,-0.37,0.25,-7.02,-5.64,-3.65,-1.23,-0.55,-5.98
206,3006,晶豪科,278.5,1.5,0.54,09/04,0.07,0.2,0.18,0.2,0.11,0.06,-0.23,-0.1,0.02,0.0,0.0,0.02
207,2385,群光,110.5,3.0,2.79,09/04,0.67,-0.52,-0.92,0.19,0.0,-2.84,-8.62,-3.05,-7.87,0.52,0.16,-5.53
208,4420,光明,38.55,0.45,1.18,09/04,3.64,2.01,0.28,0.16,0.13,-0.01,4.41,1.55,0.83,0.07,0.04,1.17
209,6257,矽格,212.0,3.0,1.44,09/04,0.72,-1.0,-1.05,0.16,-0.81,-3.47,-0.94,-2.29,-2.31,0.18,0.11,-1.67
210,8039,台虹,297.5,4.5,1.54,09/04,0.14,0.01,0.05,0.15,0.85,0.46,0.32,0.16,0.09,0.07,0.05,0.1
211,1503,士電,207.5,6.5,3.23,09/04,1.33,0.32,0.13,0.13,0.08,-0.15,0.65,0.19,0.11,-0.07,0.03,0.1
212,3078,僑威,46.1,0.1,0.22,09/04,1.42,0.82,0.22,0.12,0.11,0.1,1.71,0.54,-4.06,0.08,-0.07,-0.83
213,8442,威宏-KY,45.55,0.25,0.55,09/04,5.9,3.85,0.36,0.1,0.02,-0.02,2.23,1.18,0.72,0.13,,0.99
214,2451,創見,284.5,-1.5,-0.52,09/04,0.12,-0.01,-0.92,0.09,0.09,-0.4,-2.89,-1.97,-2.18,-0.06,-0.29,-1.88
215,5314,世紀*,32.0,1.0,3.23,09/04,0.0,0.0,0.0,0.09,0.04,0.01,0.01,-0.02,0.01,0.01,0.01,-0.01
216,1101,台泥,24.6,0.15,0.61,09/04,1.26,1.22,1.11,0.09,0.07,0.04,-0.1,-0.05,-1.78,-1.36,-0.65,-0.05
217,6173,信昌電,260.5,19.5,8.09,09/04,0.08,0.04,0.03,0.09,0.06,0.56,0.56,0.36,0.14,0.12,-0.04,0.26
218,6584,南俊國際,634.0,5.0,0.79,09/04,2.24,0.9,-0.77,0.08,0.05,0.26,-0.76,1.47,0.15,0.42,,0.43
219,6830,汎銓,597.0,7.0,1.19,09/04,0.39,0.14,0.09,0.06,0.91,0.58,0.22,0.23,0.16,0.04,,0.21
220,3042,晶技,173.5,-0.5,-0.29,09/04,-1.39,-0.92,-0.24,0.06,0.07,0.27,-0.49,-0.15,-0.61,-0.03,0.03,-0.38
221,6138,茂達,286.5,6.5,2.32,09/04,0.0,0.0,-0.35,0.04,-5.33,-6.52,-0.63,-0.08,-0.45,-0.17,0.01,-0.01
222,00981A,主動統一台股增長,29.77,0.64,2.2,09/04,0.0,0.15,0.09,0.04,-0.02,-0.05,-0.04,0.0,0.0,,,-0.01
223,8070,長華*,50.5,1.3,2.64,09/04,4.43,1.9,0.67,0.04,-0.04,4.08,-2.06,-4.49,-2.41,-0.89,-0.51,-4.39
224,2609,陽明,58.2,0.4,0.69,09/04,0.13,0.03,-0.05,0.04,0.02,0.05,-4.11,-5.42,-5.32,-0.33,-0.09,-4.47
225,4919,新唐,120.0,5.0,4.35,09/04,0.0,0.0,-0.26,0.04,-0.04,-0.31,-0.97,0.04,0.03,-0.48,-0.04,0.04
226,8150,南茂,90.1,1.0,1.12,09/04,-0.04,0.0,0.0,0.04,0.07,-1.46,-0.26,0.08,0.04,0.05,0.02,0.06
227,1326,台化,69.8,0.1,0.14,09/04,0.0,0.09,0.06,0.04,0.13,0.18,0.2,-0.07,-0.05,-0.33,-0.28,0.07
228,2023,燁輝,13.85,0.05,0.36,09/04,0.0,0.0,0.11,0.04,0.04,0.04,0.05,0.08,-0.07,-0.02,0.0,-0.08
229,1227,佳格,28.55,0.0,0.0,09/04,0.0,0.0,0.08,0.02,0.03,-0.01,0.09,-0.21,0.03,0.02,-0.03,-0.13
230,6291,沛亨,456.5,-1.5,-0.33,09/04,0.0,0.0,-0.01,0.01,-0.51,-1.11,-2.26,0.65,0.43,0.38,0.34,0.58
231,2312,金寶,32.85,1.05,3.3,09/04,0.0,0.02,0.02,0.01,0.01,0.01,0.01,-0.56,0.0,0.01,0.01,-0.67
232,1104,環泥,27.7,-0.1,-0.36,09/04,0.0,0.0,0.03,0.01,0.01,0.01,-0.01,0.11,0.05,-0.02,-0.08,0.09
233,1440,南紡,13.9,-0.3,-2.11,09/04,0.0,0.0,0.0,0.0,0.01,0.01,-0.01,0.04,0.03,0.02,0.01,0.04
234,1785,光洋科,102.0,2.0,2.0,09/04,0.0,0.0,0.0,0.0,-0.01,-4.05,-1.04,-0.26,-0.01,0.0,0.0,-0.23
235,00400A,主動國泰動能高息,15.17,0.29,1.95,09/04,0.0,0.0,0.0,0.0,0.0,0.0,0.0,,,,,
236,00401A,主動摩根台灣鑫收,14.13,0.17,1.22,09/04,0.0,0.0,0.0,0.0,0.0,0.0,0.0,,,,,
237,00402A,主動安聯美國科技,9.51,0.16,1.71,09/04,0.0,0.0,0.0,0.0,0.0,0.0,,,,,,
238,00403A,主動統一升級50,10.26,0.2,1.99,09/04,0.0,0.0,0.0,0.0,0.0,0.0,0.0,,,,,
239,00404A,主動聯博動能50,9.86,0.16,1.65,09/04,0.0,0.0,0.0,0.0,0.0,0.0,,,,,,
240,00405A,主動富邦台灣龍耀,8.68,0.11,1.28,09/04,0.0,0.0,0.0,0.0,0.0,0.0,,,,,,
241,00406A,主動中信台灣收益,9.57,0.11,1.16,09/04,0.0,0.0,0.0,0.0,0.0,0.0,,,,,,
242,00407A,主動凱基台灣,9.73,0.17,1.78,09/04,0.0,0.0,0.0,0.0,0.0,0.0,,,,,,
243,00408A,主動第一金優股息,10.53,0.18,1.74,09/04,0.0,0.0,0.0,0.0,0.0,0.0,,,,,,
244,00410A,主動永豐科技趨勢,12.18,0.34,2.87,09/04,0.0,0.0,0.0,0.0,0.0,0.0,,,,,,
245,00411A,主動統一前沿科技,9.81,0.33,3.48,09/04,0.0,0.0,0.0,0.0,,,,,,,,
246,0051,元大中型100,145.95,1.95,1.35,09/04,0.0,0.0,0.0,0.0,0.0,0.0,0.0,0.0,0.0,0.0,0.0,0.0
247,0052,富邦科技,62.7,1.1,1.79,09/04,0.0,0.0,0.0,0.0,-0.06,-0.64,-0.08,-0.24,0.06,0.03,0.11,-0.01
248,0053,元大電子,243.65,3.95,1.65,09/04,0.0,0.0,0.0,0.0,0.0,0.0,0.0,0.0,0.0,0.0,0.0,0.0
249,0055,元大MSCI金融,49.0,0.8,1.66,09/04,0.0,0.0,0.0,0.0,0.0,0.0,0.82,0.51,0.35,0.15,0.05,0.45
250,0056,元大高股息,55.4,0.9,1.65,09/04,0.0,0.0,0.0,0.0,0.15,0.37,0.05,0.16,0.11,0.0,0.19,0.11
251,0057,富邦摩台,321.6,3.85,1.21,09/04,0.0,0.0,0.0,0.0,0.0,0.0,0.0,0.0,0.0,0.0,0.0,0.0
252,0061,元大寶滬深,24.36,0.31,1.29,09/04,0.0,0.0,0.0,0.0,0.0,0.0,-6.44,-2.83,-2.62,-0.57,-0.38,-4.23
253,006203,元大MSCI台灣,195.8,2.05,1.06,09/04,0.0,0.0,0.0,0.0,0.0,0.0,0.0,0.0,0.0,0.0,0.0,0.0
254,006204,永豐臺灣加權,232.25,1.45,0.63,09/04,0.0,0.0,0.0,0.0,0.0,0.0,0.0,0.0,0.0,0.0,0.0,0.0
255,006206,元大上證50,38.13,0.39,1.03,09/04,0.0,0.0,0.0,0.0,0.0,0.0,0.0,0.0,0.0,0.0,-0.02,0.0
256,006207,復華滬深,32.34,0.32,1.0,09/04,0.0,0.0,0.0,0.0,0.0,0.0,0.0,0.0,0.0,0.0,0.05,0.0
257,00631L,元大台灣50正2,36.64,1.23,3.47,09/04,0.0,0.0,0.0,0.0,0.0,0.0,0.0,-0.04,-0.03,-0.03,-0.02,-0.03
258,00632R,元大台灣50反1,9.81,-0.19,-1.9,09/04,0.0,0.0,0.0,0.0,0.0,0.0,0.0,-0.01,0.0,0.0,0.0,-0.01
259,00633L,富邦上証正2,48.87,1.22,2.56,09/04,0.0,0.0,0.0,0.0,0.0,0.0,0.0,0.0,0.0,0.0,0.0,0.0
260,00634R,富邦上証反1,3.11,-0.04,-1.27,09/04,0.0,0.0,0.0,0.0,0.0,0.0,0.0,0.0,0.0,0.0,0.0,0.0
261,00635U,期元大S&P黃金,46.21,0.45,0.98,09/04,0.0,0.0,0.0,0.0,0.0,0.0,0.0,0.0,0.0,0.0,0.0,0.0
262,00636,國泰中國A50,27.75,0.37,1.35,09/04,0.0,0.0,0.0,0.0,0.0,0.0,0.0,0.0,-0.05,0.0,0.03,0.0
263,00636K,國泰中國A50+U,8.74,0.04,0.46,09/04,0.0,0.0,0.0,0.0,0.0,0.0,0.0,0.0,0.0,0.0,,0.0
264,00637L,元大滬深300正2,20.12,0.51,2.6,09/04,0.0,0.0,0.0,0.0,0.0,0.0,0.0,0.0,0.0,-0.01,0.0,0.0
265,00638R,元大滬深300反1,6.64,-0.08,-1.19,09/04,0.0,0.0,0.0,0.0,0.0,0.0,0.0,0.0,0.0,0.0,0.0,0.0
266,00639,富邦深100,16.1,0.09,0.56,09/04,0.0,0.0,0.0,0.0,0.0,0.0,0.0,0.0,-0.14,-0.03,-0.01,0.0
267,00640L,富邦日本正2,108.5,0.8,0.74,09/04,0.0,0.0,0.0,0.0,0.0,0.0,0.0,0.0,0.0,0.0,0.0,0.0
268,00641R,富邦日本反1,3.67,0.0,0.0,09/04,0.0,0.0,0.0,0.0,0.0,0.0,0.0,0.0,0.0,0.0,0.0,0.0
269,00642U,期元大S&P石油,30.27,0.32,1.07,09/04,0.0,0.0,0.0,0.0,0.0,0.0,0.0,0.0,0.0,0.0,0.0,0.0
270,00643,群益深証中小,18.14,0.08,0.44,09/04,0.0,0.0,0.0,0.0,0.0,0.0,0.0,0.0,0.0,0.0,0.0,0.0
271,00643K,群益深証中小+R,3.83,-0.01,-0.26,09/04,0.0,0.0,0.0,0.0,0.0,0.0,0.0,0.0,0.0,0.0,0.0,0.0
272,00647L,元大S&P500正2,140.5,3.3,2.41,09/04,0.0,0.0,0.0,0.0,0.0,0.0,0.0,0.0,0.0,0.0,0.0,0.0
273,00648R,元大S&P500反1,3.88,-0.06,-1.52,09/04,0.0,0.0,0.0,0.0,0.0,0.0,0.0,0.0,0.0,0.0,0.0,0.0
274,00650L,復華香港正2,17.48,0.72,4.3,09/04,0.0,0.0,0.0,0.0,0.0,0.0,0.0,0.0,0.0,0.0,0.0,0.0
275,00651R,復華香港反1,5.11,-0.1,-1.92,09/04,0.0,0.0,0.0,0.0,0.0,0.0,0.0,0.0,0.0,0.0,0.0,0.0
276,00653L,富邦印度正2,45.88,0.13,0.28,09/04,0.0,0.0,0.0,0.0,0.0,0.0,0.0,0.0,0.0,-0.01,0.0,0.0
277,00654R,富邦印度反1,6.76,0.02,0.3,09/04,0.0,0.0,0.0,0.0,0.0,0.0,0.0,0.0,0.0,0.0,0.0,0.0
278,00655L,國泰中國A50正2,34.0,0.93,2.81,09/04,0.0,0.0,0.0,0.0,0.0,0.0,0.0,0.0,0.0,0.0,0.0,0.0
279,00656R,國泰中國A50反1,5.84,-0.08,-1.35,09/04,0.0,0.0,0.0,0.0,0.0,0.0,0.0,0.0,0.0,0.0,0.0,0.0
280,00657,國泰日經225,76.5,1.55,2.07,09/04,0.0,0.0,0.0,0.0,0.0,0.0,0.0,0.0,0.0,0.0,-0.18,0.0
281,00657K,國泰日經225+U,24.23,0.29,1.21,09/04,0.0,0.0,0.0,0.0,0.0,0.0,0.0,0.0,0.0,0.0,,0.0
282,00660,元大歐洲50,46.67,0.0,0.0,09/04,0.0,0.0,0.0,0.0,0.0,0.0,0.0,0.0,0.0,0.0,0.0,0.0
283,00661,元大日經225,84.15,1.35,1.63,09/04,0.0,0.0,0.0,0.0,0.0,0.0,0.0,0.0,0.0,0.0,0.0,0.0
284,00663L,國泰臺灣加權正2,106.25,3.95,3.86,09/04,0.0,0.0,0.0,0.0,0.0,0.0,0.0,0.0,0.0,0.0,0.0,0.0
285,00664R,國泰臺灣加權反1,1.59,-0.02,-1.24,09/04,0.0,0.0,0.0,0.0,0.0,0.0,0.0,0.0,0.0,0.0,0.0,0.0
286,00665L,富邦恒生國企正2,9.63,0.37,4.0,09/04,0.0,0.0,0.0,0.0,0.0,0.0,0.0,0.0,0.0,0.0,0.0,0.0
287,00666R,富邦恒生國企反1,8.94,-0.15,-1.65,09/04,0.0,0.0,0.0,0.0,0.0,0.0,0.0,0.0,0.0,0.0,0.0,0.0
288,00668,國泰美國道瓊,62.35,0.8,1.3,09/04,0.0,0.0,0.0,0.0,0.0,0.0,0.0,0.0,0.0,0.0,,0.0
289,00668K,國泰美國道瓊+U,19.66,0.24,1.24,09/04,0.0,0.0,0.0,0.0,0.0,0.0,0.0,0.0,0.0,0.0,,0.0
290,00669R,國泰美國道瓊反1,5.16,-0.05,-0.96,09/04,0.0,0.0,0.0,0.0,0.0,0.0,0.0,0.0,0.0,0.0,,0.0
291,00670L,富邦NASDAQ正2,200.95,7.25,3.74,09/04,0.0,0.0,0.0,0.0,0.0,0.0,0.0,0.0,0.0,0.0,,0.0
292,00671R,富邦NASDAQ反1,2.42,-0.05,-2.02,09/04,0.0,0.0,0.0,0.0,0.0,0.0,0.0,0.0,0.0,0.0,,0.0
293,00673R,期元大S&P原油反1,11.26,-0.14,-1.23,09/04,0.0,0.0,0.0,0.0,0.0,0.0,0.0,0.0,0.0,0.0,,0.0
294,00674R,期元大S&P黃金反1,27.36,-0.26,-0.94,09/04,0.0,0.0,0.0,0.0,0.0,0.0,0.0,0.0,0.0,0.0,,0.0
295,00675L,富邦臺灣加權正2,322.05,12.05,3.89,09/04,0.0,0.0,0.0,0.0,0.0,0.0,0.0,0.0,0.0,0.0,,0.0
296,00676R,富邦臺灣加權反1,5.44,-0.08,-1.45,09/04,0.0,0.0,0.0,0.0,0.0,0.0,0.0,0.0,0.0,0.0,,0.0
297,00678,群益那斯達克生技,44.65,0.25,0.56,09/04,0.0,0.0,0.0,0.0,0.0,0.0,0.05,0.03,0.02,0.01,,0.02
298,00679B,元大美債20年,25.78,0.01,0.04,09/04,0.0,0.0,0.0,0.0,0.14,0.05,0.07,0.04,-0.02,0.0,,0.03
299,00680L,元大美債20正2,6.42,0.02,0.31,09/04,0.0,0.0,0.0,0.0,0.0,0.0,0.0,0.0,0.0,-0.02,,0.0
300,00681R,元大美債20反1,21.7,-0.06,-0.28,09/04,0.0,0.0,0.0,0.0,0.0,0.0,0.0,0.0,0.0,0.0,,0.0
