排名,代號,名稱,成交,漲跌 價,漲跌 幅,成交 張數,更新 日期,當日 增減 (%),2日 增減 (%),3日 增減 (%),5日 增減 (%),10日 增減 (%),1個月 增減 (%),3個月 增減 (%),半年 增減 (%),1年 增減 (%),今年 增減 (%)
1,00921,兆豐龍頭等權重,24.73,0.31,1.27,767,09/04,6.85,32.2,3800.0,3800.0,3800.0,90.2,1200.0,550.0,52.9,100.0
2,00982T,平衡兆豐台美動能,15.76,0.23,1.48,112,09/04,8.7,13.6,525.0,733.0,1150.0,,,257.0,,-26.5
3,00875,國泰網路資安,53.35,1.15,2.2,100,09/04,0.0,8.33,225.0,30.0,-51.9,,,225.0,-38.1,333.0
4,6272,驊陞,29.8,0.85,2.94,2207,09/04,41.5,163.0,185.0,163.0,404.0,521.0,,,,
5,00885,富邦越南,18.83,0.3,1.62,4582,09/04,230.0,236.0,175.0,164.0,211.0,192.0,150.0,-15.1,-36.1,-50.1
6,009822,華南永昌未來金融,10.06,0.4,4.14,12806,09/04,150.0,150.0,150.0,25.0,-54.5,66.7,-98.3,,,
7,2939,永邑-KY,20.0,0.3,1.52,355,09/04,134.0,134.0,133.0,134.0,134.0,130.0,162.0,0.9,6.23,19.3
8,4767,誠泰科技,29.5,0.75,2.61,30,09/04,28.6,20.0,100.0,157.0,260.0,260.0,200.0,-21.7,20.0,38.5
9,8431,匯鑽科,68.8,5.1,8.01,10688,09/04,16.5,63.2,98.0,105.0,133.0,126.0,64.6,30.6,44.4,-16.5
10,00770,國泰北美科技,68.15,1.15,1.72,968,09/04,29.8,45.2,96.8,90.6,135.0,281.0,205.0,-63.0,5.17,-1.61
11,00918,大華優利高填息30,35.88,0.42,1.18,59429,09/04,0.52,22.5,86.4,163.0,166.0,190.0,18.4,227.0,111.0,170.0
12,3094,聯傑,46.5,4.2,9.93,17921,09/04,68.9,77.0,82.1,77.7,99.2,110.0,116.0,221.0,248.0,313.0
13,00915,凱基優選高股息30,32.64,0.36,1.12,2034,09/04,6.14,75.4,75.4,89.1,267.0,267.0,65.8,-42.9,-86.1,-71.3
14,6620,漢達,107.5,9.5,9.69,6839,09/04,39.0,50.3,66.5,74.9,125.0,142.0,,,,
15,00998A,主動復華金融股息,18.09,0.28,1.57,4661,09/04,-0.56,67.7,65.5,66.8,161.0,200.0,1223.0,,,
16,6669,緯穎,2565.0,90.0,3.64,4361,09/04,4.69,10.6,62.1,62.2,72.9,66.6,14.6,5.56,10.6,24.2
17,00936,台新永續高息中小,21.42,0.15,0.71,657,09/04,90.9,133.0,61.5,50.0,110.0,75.0,90.9,320.0,-98.6,-96.0
18,2812,台中銀,19.35,-0.1,-0.51,9781,09/04,-0.02,67.8,53.8,48.5,57.2,41.4,-44.0,-4.36,-20.4,14.6
19,0061,元大寶滬深,24.36,0.31,1.29,148,09/04,25.0,36.4,50.0,25.0,50.0,25.0,-54.5,-91.2,-96.3,-94.6
20,00673R,期元大S&P原油反1,11.26,-0.14,-1.23,67218,09/04,24.2,29.2,47.0,64.5,56.9,127.0,18.5,227.0,531.0,3396.0
21,6103,合邦,37.2,-3.8,-9.27,26,09/04,8.57,22.6,46.2,2.7,375.0,245.0,192.0,,,
22,1623,大東電,208.0,1.0,0.48,55,09/04,4.97,25.8,43.9,71.2,68.1,850.0,,,,
23,1777,生泰,75.2,0.9,1.21,121,09/04,5.33,5.33,43.6,61.2,38.6,83.7,68.1,92.7,-21.8,88.1
24,0055,元大MSCI金融,49.0,0.8,1.66,985,09/04,-4.55,84.6,43.6,102.0,102.0,185.0,-4.55,367.0,1300.0,82.6
25,009818,華南永昌NASDAQxT,20.05,0.4,2.04,288,09/04,43.5,43.5,43.5,154.0,154.0,175.0,94.1,,,
26,6486,互動,82.2,-0.9,-1.08,508,09/04,2.83,51.5,43.4,65.3,121.0,119.0,77.0,58.7,288.0,-4.31
27,1604,聲寶,23.5,0.05,0.21,227,09/04,-4.8,13.0,40.6,35.4,9.0,9.0,-6.03,-31.4,-47.8,-37.0
28,3229,晟鈦,49.8,1.2,2.47,1111,09/04,39.2,35.2,38.5,44.7,,,,,,
29,00905,FT臺灣Smart,26.41,0.34,1.3,507,09/04,1.65,6.14,38.5,28.2,32.9,-8.09,101.0,74.2,64.3,44.0
30,00987B,野村10+澳洲公債,15.88,0.1,0.63,322,09/04,0.0,0.0,37.5,37.5,37.5,37.5,37.5,-93.0,,
31,1597,直得,155.0,10.5,7.27,7090,09/04,15.2,20.4,36.2,33.6,65.7,56.2,-26.7,31.2,18.0,32.2
32,3564,其陽,50.2,-2.7,-5.1,1614,09/04,-8.01,23.2,34.8,40.4,26.0,-3.52,0.28,-36.7,-56.2,-36.4
33,00682U,期元大美元指數,20.41,-0.1,-0.49,2,09/04,33.3,33.3,33.3,-66.7,-66.7,-90.9,33.3,33.3,-66.7,-33.3
34,009810,玉山全球藍籌100,21.52,0.27,1.27,103,09/04,33.3,33.3,33.3,33.3,,,0.0,300.0,-83.3,-42.9
35,7738,東聯互動,175.0,0.0,0.0,148,09/04,28.3,31.1,31.1,31.1,31.1,26.9,47.5,,,
36,6934,心誠鎂,72.6,-1.4,-1.89,34,09/04,6.25,23.2,30.8,88.9,150.0,,,,,
37,5547,久舜,19.65,0.0,0.0,7,09/04,4.29,7.35,30.4,37.7,55.3,,,,,
38,8064,東捷,112.0,10.0,9.8,13698,09/04,17.2,29.3,30.0,37.2,28.8,23.4,-20.2,51.5,16.3,3.78
39,2434,統懋,67.3,3.2,4.99,1775,09/04,6.73,14.7,28.9,41.0,32.8,96.9,489.0,1939.0,8057.0,2015.0
40,3168,眾福科,42.75,0.3,0.71,13,09/04,-2.7,28.6,28.6,28.6,20.0,-5.26,-34.5,-21.7,20.0,-2.7
41,00404A,主動聯博動能50,9.86,0.16,1.65,11640,09/04,-8.82,-6.24,28.2,10.7,-3.1,-44.1,,,,
42,7788,松川精密,335.0,20.0,6.35,4593,09/04,24.0,24.8,26.8,18.5,67.0,116.0,82.0,,,
43,00955,中信日本商社,16.23,-0.06,-0.37,3152,09/04,19.1,22.1,26.3,53.3,24.9,-1.91,-37.5,-71.4,4.37,6.08
44,7730,暉盛-創,186.5,-1.5,-0.8,254,09/04,2.99,25.0,25.5,30.6,19.1,21.4,38.3,,,
45,00683L,期元大美元指正2,21.22,-0.2,-0.93,11,09/04,0.0,0.0,25.0,25.0,25.0,-7.41,-33.0,-85.2,-89.4,-84.7
46,5604,中連,31.35,0.4,1.29,7,09/04,25.0,25.0,25.0,25.0,-66.7,-72.2,-37.5,-94.7,-95.6,-95.5
47,00962,台新AI優息動能,15.66,0.38,2.49,3303,09/04,2.8,39.7,24.8,22.4,20.1,757.0,17.9,49.4,106.0,-3.38
48,3441,聯一光,143.0,13.0,10.0,4836,09/04,21.3,16.1,24.5,33.9,-1.14,25.9,108.0,157.0,276.0,124.0
49,2221,大甲,90.8,-0.7,-0.77,12727,09/04,-0.6,9.17,24.1,24.0,105.0,133.0,90.0,1300.0,1815.0,1502.0
50,00896,中信綠能及電動車,28.4,0.54,1.94,10023,09/04,7.64,17.4,23.8,16.9,18.9,17.8,-2.25,235.0,616.0,55.3
51,00733,富邦臺灣中小,67.35,2.4,3.7,1102,09/04,-6.9,-8.47,22.7,5.88,-35.7,-31.6,-27.0,-64.7,-89.2,-78.7
52,00408A,主動第一金優股息,10.53,0.18,1.74,3072,09/04,0.6,0.6,22.6,20.9,-5.62,26.3,,,,
53,4576,大銀微系統,238.0,7.0,3.03,3520,09/04,1.35,11.3,22.5,21.7,39.7,43.7,6.05,2.39,-13.6,0.67
54,2889,國票金,16.6,0.15,0.91,20649,09/04,-10.3,21.4,21.9,27.5,36.8,29.0,51.4,371.0,32.0,244.0
55,6240,松崗,25.2,-2.75,-9.84,537,09/04,-6.16,13.8,21.6,32.1,53.0,85.4,54.6,19.6,-10.2,-10.9
56,00713,元大台灣高息低波,63.45,0.35,0.55,4446,09/04,16.1,18.2,21.5,16.6,35.4,38.3,88.4,-19.0,-72.9,-54.4
57,00411A,主動統一前沿科技,9.81,0.33,3.48,21604,09/04,4.68,3.98,21.0,40.9,,,,,,
58,3021,鴻名,24.3,2.2,9.95,317,09/04,10.3,20.2,20.5,17.0,16.0,17.6,-19.2,-12.4,-21.4,-21.7
59,009817,國泰日本不動產,9.1,0.07,0.78,1029,09/04,20.4,20.4,20.4,18.0,18.0,20.4,-56.3,-69.4,,
60,00987D,主動統一美債量化,9.98,0.02,0.2,4100,09/04,20.0,20.0,20.0,-14.3,,,,,,
61,00961,FT臺灣永續高息,13.6,0.18,1.34,25098,09/04,8.37,13.6,19.9,13.6,-3.6,165.0,290.0,654.0,106.0,2639.0
62,00930,永豐ESG低碳高息,24.31,0.31,1.29,1666,09/04,-0.81,0.0,19.6,18.4,19.6,17.3,481.0,-44.5,-78.0,-55.1
63,7744,崴寶,545.0,24.0,4.61,191,09/04,4.24,8.85,19.4,8.85,15.0,8.85,-13.4,,,
64,1268,漢來美食,182.0,0.5,0.28,110,09/04,8.7,19.0,19.0,19.0,31.6,108.0,19.0,-72.2,-56.1,-75.7
65,6224,聚鼎,84.8,5.2,6.53,3449,09/04,-2.46,8.3,18.8,25.6,39.6,63.4,-4.2,346.0,311.0,303.0
66,6667,信紘科,239.5,21.5,9.86,879,09/04,18.9,18.8,18.7,22.9,22.8,30.5,0.26,-33.2,-36.8,-30.1
67,8105,凌巨,15.0,0.0,0.0,3909,09/04,3.06,14.0,18.2,66.2,64.7,35.1,38.6,81.1,4.88,11.3
68,00964,中信亞太高股息,15.04,0.17,1.14,1241,09/04,2.17,14.6,17.5,20.5,4.44,-33.8,-33.8,-28.8,4600.0,14.6
69,2884,玉山金,43.55,0.35,0.81,61356,09/04,-23.0,15.3,17.0,21.0,9.36,14.7,-29.7,169.0,256.0,-27.7
70,4754,國碳科,38.5,-0.15,-0.39,12,09/04,7.04,15.2,16.9,33.3,20.6,-22.4,-26.9,-29.0,-54.8,-34.5
71,00919,群益台灣精選高息,33.02,0.5,1.54,79166,09/04,6.83,10.9,16.1,40.7,34.3,67.3,-14.8,36.7,-40.8,53.9
72,6640,均華,1250.0,65.0,5.49,1224,09/04,10.1,7.0,16.0,42.8,41.9,52.4,53.2,70.5,,839.0
73,2606,裕民,78.2,0.0,0.0,7703,09/04,7.75,18.9,15.9,2.09,18.4,54.6,57.6,-32.3,-31.6,-52.4
74,00990B,國泰收益非投等債,9.95,-0.01,-0.1,858,09/04,5.0,7.21,15.9,17.0,39.5,28.9,,,,
75,6722,輝創,33.05,0.35,1.07,33,09/04,7.34,9.35,15.8,18.2,14.7,74.6,,,,
76,00640L,富邦日本正2,108.5,0.8,0.74,73,09/04,3.47,2.76,15.5,11.2,-36.3,0.68,-20.3,-88.6,-78.7,-81.1
77,6451,訊芯-KY,449.0,-1.0,-0.22,5030,09/04,-1.71,4.86,15.4,18.1,17.1,39.1,-2.01,78.6,130.0,114.0
78,3036,文曄,192.5,2.0,1.05,7410,09/04,2.74,4.38,15.2,14.8,20.7,-23.1,131.0,486.0,588.0,451.0
79,00406A,主動中信台灣收益,9.57,0.11,1.16,125639,09/04,1.18,5.32,15.0,51.2,102.0,177.0,,,,
80,00400A,主動國泰動能高息,15.17,0.29,1.95,40968,09/04,14.9,12.5,14.8,15.7,22.0,-1.53,-11.4,,,
81,7711,永擎,632.0,57.0,9.91,2356,09/04,7.65,5.54,14.7,37.3,46.4,321.0,249.0,,,
82,3324,雙鴻,1485.0,135.0,10.0,3081,09/04,11.4,14.8,14.3,30.5,18.7,25.7,20.5,-5.54,25.2,29.2
83,00752,中信中國50,23.17,0.38,1.67,864,09/04,5.71,14.9,14.2,15.6,20.5,59.5,-70.5,-16.9,-49.2,-54.7
84,009803,玉山市值動能50,22.14,0.36,1.65,4958,09/04,3.47,13.3,14.2,12.5,26.5,34.8,137.0,64.2,1887.0,548.0
85,5321,美而快,79.4,3.0,3.93,358,09/04,1.53,7.72,14.1,48.3,82.4,175.0,173.0,229.0,164.0,231.0
86,00981D,主動中信非投等債,10.3,0.01,0.1,1911,09/04,0.24,11.0,14.0,14.5,23.9,46.9,-22.5,-76.9,,-32.1
87,5538,東明-KY,36.9,0.25,0.68,45,09/04,-3.64,14.0,14.0,37.7,63.1,1414.0,960.0,96.3,11.6,55.9
88,3023,信邦,340.0,15.0,4.62,1660,09/04,11.3,10.1,13.9,9.76,4.93,10.2,3.14,-32.7,-40.1,-56.7
89,6207,雷科,111.0,7.0,6.73,9636,09/04,3.11,8.49,13.7,17.9,25.2,21.2,-42.7,28.0,-10.6,32.5
90,00995A,主動中信台灣卓越,17.25,0.25,1.47,3507,09/04,-3.16,13.7,13.6,9.74,14.3,-1.75,6.98,-17.2,,
91,3665,貿聯-KY,2145.0,45.0,2.14,1459,09/04,-0.29,0.58,13.6,13.3,23.7,58.8,6.08,20.9,7.06,-6.66
92,1560,中砂,695.0,-16.0,-2.25,1571,09/04,7.01,8.83,13.6,4.93,2.48,-21.5,-15.6,-20.6,-61.3,-55.5
93,00981A,主動統一台股增長,29.77,0.64,2.2,113174,09/04,3.66,7.07,13.4,6.67,0.14,-12.7,12.4,217.0,518.0,83.1
94,2911,麗嬰房,6.42,0.08,1.26,105,09/04,5.15,10.3,13.3,16.6,15.3,1.49,85.5,,,
95,2801,彰銀,26.6,0.0,0.0,25691,09/04,-12.8,-2.35,13.2,10.6,11.7,7.55,-16.2,-23.9,22.2,16.8
96,6679,鈺太,206.0,-2.5,-1.2,662,09/04,6.67,12.5,13.0,15.4,16.0,26.9,-44.5,-56.4,-31.6,-4.79
97,6805,富世達,2200.0,105.0,5.01,564,09/04,1.64,6.27,13.0,5.81,14.0,26.2,36.1,67.9,70.0,57.4
98,2442,新美齊,19.3,0.0,0.0,2897,09/04,0.83,1.89,12.9,11.4,13.3,3.49,-12.3,-72.2,-76.4,-78.1
99,1216,統一,75.6,0.0,0.0,6727,09/04,3.35,21.7,12.6,-7.0,5.11,-30.7,-25.2,-42.2,-30.4,-6.09
100,6183,關貿,91.6,0.3,0.33,14,09/04,0.0,0.0,12.5,0.0,0.0,0.0,-18.2,-35.7,-76.9,-43.8
101,00993A,主動安聯台灣,13.34,0.26,1.99,2950,09/04,-6.06,24.6,12.4,11.9,14.4,-32.4,-45.7,-87.5,,
102,4526,東台,32.0,0.6,1.91,7752,09/04,-0.46,11.8,12.3,13.0,14.3,10.2,-27.9,-25.2,-58.5,-30.4
103,8432,東生華,50.9,0.6,1.19,146,09/04,0.0,13.3,12.1,12.1,9.9,-5.93,-32.3,-37.6,29.1,20.7
104,6147,頎邦,182.5,-6.5,-3.44,63310,09/04,9.03,11.9,12.1,9.37,23.9,22.2,-21.1,1039.0,926.0,928.0
105,00922,國泰台灣領袖50,42.13,0.7,1.69,5169,09/04,-4.46,-1.32,12.1,5.08,-5.29,-14.4,-5.81,-59.7,131.0,35.0
106,6291,沛亨,456.5,-1.5,-0.33,2768,09/04,-13.2,3.73,12.0,13.2,13.0,29.6,-11.7,-28.1,14.2,-38.9
107,3169,亞信,104.5,-0.5,-0.48,200,09/04,-0.33,-1.81,11.9,13.3,14.9,16.9,-9.9,20.3,-10.3,20.6
108,2617,台航,32.45,0.15,0.46,2543,09/04,2.45,12.9,11.8,11.1,17.9,14.9,-3.34,22.9,19.2,12.0
109,8354,冠好,17.85,0.15,0.85,54,09/04,0.68,5.91,11.7,12.8,21.2,77.2,278.0,-26.0,526.0,-16.3
110,5386,青雲,258.5,-1.5,-0.58,895,09/04,1.92,5.99,11.4,4.31,4.2,13.2,-17.2,-21.4,-2.4,-30.5
111,2465,麗臺,99.2,3.0,3.12,5766,09/04,-3.0,-5.49,11.3,7.19,14.7,39.2,113.0,,807.0,2711.0
112,8147,正淩,135.0,8.5,6.72,365,09/04,8.01,10.5,11.0,12.7,18.6,22.9,19.6,34.5,46.2,73.8
113,6792,詠業,60.1,0.9,1.52,14,09/04,2.39,9.09,10.3,10.7,11.1,11.1,-14.8,-32.0,-56.5,8.3
114,4551,智伸科,171.5,10.5,6.52,2022,09/04,6.2,2.65,10.2,17.5,27.2,63.2,99.9,71.8,27.8,56.4
115,6498,久禾光,75.4,1.4,1.89,150,09/04,4.63,7.82,10.1,13.7,12.1,11.7,7.82,2160.0,,1312.0
116,6122,擎邦,51.3,-0.6,-1.16,886,09/04,1.94,9.03,10.1,11.0,11.0,9.64,22.0,-34.6,8.68,8.85
117,6515,穎崴,7075.0,75.0,1.07,688,09/04,2.69,1.09,10.0,15.5,25.3,48.3,42.1,145.0,-46.1,-5.4
118,2464,盟立,211.0,-11.0,-4.95,54753,09/04,15.8,3.55,10.0,3.27,0.2,8.51,41.1,94.6,83.5,104.0
119,00929,復華台灣科技優息,29.4,0.51,1.77,24817,09/04,2.66,13.0,9.9,4.29,-8.05,28.9,107.0,191.0,8.21,57.9
120,3141,晶宏,102.5,2.5,2.5,14714,09/04,6.87,6.49,9.87,35.0,37.3,43.2,86.5,84.1,59.5,70.6
121,6716,應廣,117.0,-13.0,-10.0,2356,09/04,-5.03,7.41,9.63,2.91,16.4,31.0,25.0,157.0,301.0,515.0
122,009829,大華韓國KOSPI50,10.5,0.47,4.69,19781,09/04,0.63,3.45,9.63,24.2,159.0,,,,,
123,5209,新鼎,154.5,0.5,0.32,90,09/04,0.0,0.0,9.52,9.52,21.1,-39.5,-47.7,-63.5,,-39.5
124,5284,jpp-KY,330.0,7.0,2.17,949,09/04,3.34,5.7,9.5,8.65,11.1,14.9,-14.3,-7.52,0.77,-12.0
125,00985A,主動野村台灣50,23.23,0.39,1.71,3380,09/04,0.8,1.62,9.43,11.3,45.6,115.0,35.9,72.8,74.5,64.9
126,2069,運錩,21.0,0.05,0.24,277,09/04,4.5,5.23,9.42,11.6,28.0,52.5,17.3,-4.58,-26.9,-21.0
127,6874,倍力,69.8,-0.3,-0.43,56,09/04,3.38,17.7,9.29,6.25,10.1,-36.0,-40.7,467.0,,5000.0
128,8040,九暘,75.0,0.3,0.4,1357,09/04,0.06,10.7,9.11,9.88,11.8,9.53,-22.5,332.0,213.0,336.0
129,6257,矽格,212.0,3.0,1.44,5818,09/04,3.31,2.81,8.96,12.8,14.4,28.3,28.6,32.7,128.0,-5.17
130,4908,前鼎,224.5,20.0,9.78,1796,09/04,2.14,1.53,8.95,79.7,152.0,146.0,66.5,80.1,69.5,91.8
131,3019,亞光,144.5,1.5,1.05,7894,09/04,1.81,-6.64,8.86,15.8,16.6,12.7,-16.8,-15.6,-35.5,-7.98
132,5285,界霖,87.3,1.0,1.16,1524,09/04,-0.42,1.94,8.52,8.85,8.52,6.56,9.68,53.5,506.0,115.0
133,6532,瑞耘,98.0,-1.8,-1.8,896,09/04,2.16,6.9,8.42,22.2,4.25,29.1,-3.94,75.8,35.5,69.9
134,1773,勝一,162.5,1.5,0.93,432,09/04,1.6,0.63,8.36,16.0,14.6,16.9,-1.7,12.3,4.87,83.3
135,3105,穩懋,449.5,3.0,0.67,24241,09/04,3.69,3.04,8.23,10.3,6.18,9.48,1.13,15.6,484.0,101.0
136,6642,富致,83.3,3.0,3.74,264,09/04,2.74,7.78,8.16,7.9,2.5,-28.1,13.2,-15.1,-2.7,-33.6
137,8996,高力,1300.0,115.0,9.7,5561,09/04,3.8,0.71,8.07,9.51,24.1,64.4,49.3,57.0,27.8,4.15
138,4510,高鋒,47.55,0.5,1.06,6520,09/04,7.15,11.8,8.0,6.5,7.49,3.56,-24.1,-32.1,-49.6,-34.6
139,3490,單井,46.0,1.05,2.34,3017,09/04,-0.75,2.73,7.96,13.9,42.7,84.6,28.7,203.0,139.0,165.0
140,2449,京元電子,262.0,1.0,0.38,15926,09/04,3.33,4.35,7.92,17.1,23.1,38.5,-4.77,126.0,-8.06,51.7
141,2351,順德,239.5,16.5,7.4,6732,09/04,7.11,7.55,7.9,0.07,18.0,39.0,-48.6,223.0,64.0,147.0
142,5225,東科-KY,57.4,-3.6,-5.9,1163,09/04,9.54,8.73,7.85,6.73,3.42,1.14,-24.4,-35.2,-43.1,-34.6
143,00986A,主動台新龍頭成長,14.25,0.21,1.5,149,09/04,1.85,7.84,7.84,3.77,-1.79,-16.7,48.6,-56.7,-83.9,-85.1
144,2883,凱基金,36.7,0.8,2.23,42803,09/04,-4.9,11.2,7.81,-4.2,7.09,7.9,-56.9,-32.1,-56.9,-42.3
145,2390,云辰,10.25,0.15,1.49,391,09/04,3.39,7.41,7.79,11.9,2.01,13.1,2.25,-7.1,5.7,13.9
146,6617,共信-KY,123.0,9.5,8.37,1233,09/04,6.54,9.76,7.73,6.61,42.7,177.0,442.0,1483.0,,1888.0
147,1444,力麗,7.09,-0.01,-0.14,1918,09/04,1.6,7.58,7.72,1.86,61.4,44.9,-8.86,-46.8,-76.9,-79.1
148,2491,吉祥全,42.0,-3.0,-6.67,3036,09/04,5.36,-1.48,7.71,11.5,27.2,12.7,-39.4,33.8,4490.0,0.68
149,00639,富邦深100,16.1,0.09,0.56,770,09/04,-5.32,-6.56,7.55,16.0,6.59,11.9,-38.7,-66.2,-85.2,-74.5
150,4958,臻鼎-KY,463.0,-1.0,-0.22,33930,09/04,6.02,5.35,7.54,12.4,8.51,27.1,35.8,114.0,128.0,225.0
151,4706,大恭,35.6,3.2,9.88,310,09/04,7.5,7.5,7.5,7.5,10.3,-27.1,-55.7,-76.8,-81.5,-80.5
152,2454,聯發科,4415.0,75.0,1.73,9052,09/04,-0.15,-2.22,7.48,9.32,10.7,6.19,-6.43,79.1,119.0,41.3
153,00992A,主動群益科技創新,18.47,0.43,2.38,41302,09/04,0.64,5.49,7.48,-12.3,8.16,2.82,-40.5,300.0,,200.0
154,1590,亞德客-KY,1395.0,20.0,1.45,290,09/04,0.78,3.17,7.44,-6.47,-15.6,-18.8,-31.2,-0.76,-74.9,-24.4
155,5512,力麒,7.77,-0.02,-0.26,446,09/04,0.02,7.64,7.34,7.42,-0.28,-5.56,-10.6,24.5,-43.4,-26.6
156,1526,日馳,15.75,0.35,2.27,123,09/04,3.28,7.48,7.31,-4.34,-6.64,-16.2,7.13,-36.5,-37.3,-36.9
157,1256,鮮活果汁-KY,173.0,0.0,0.0,74,09/04,2.85,7.26,7.26,0.0,-0.31,9.06,-24.2,0.62,166.0,37.7
158,6569,醫揚,91.8,0.8,0.88,27,09/04,3.46,6.13,7.17,6.47,9.67,3.79,-15.6,36.0,-12.3,15.8
159,1438,三地開發,22.4,0.1,0.45,24,09/04,3.12,6.45,7.14,7.84,18.7,14.6,101.0,1.85,-63.5,-38.4
160,2254,巨鎧精密-創,62.1,0.1,0.16,1536,09/04,0.15,3.91,7.14,18.8,33.3,33.0,37.2,8.18,-32.2,-33.8
161,1617,榮星,18.55,0.25,1.37,291,09/04,0.87,0.17,7.12,9.15,13.4,-11.0,40.5,67.1,-17.1,-13.3
162,3467,台灣精材,51.1,-0.7,-1.35,119,09/04,6.4,7.02,7.02,10.2,13.0,43.0,-61.1,2.23,,52.5
163,3583,辛耘,711.0,-31.0,-4.18,2004,09/04,5.22,7.15,6.99,7.55,6.82,9.16,-12.7,-22.3,-31.3,-17.1
164,7782,光速火箭,26.55,0.0,0.0,0,09/04,0.0,6.98,6.98,6.98,4.55,4.55,360.0,,,
165,1712,興農,40.65,0.05,0.12,594,09/04,1.59,6.24,6.9,8.26,10.4,12.1,2.82,-13.1,-28.5,-19.5
166,3171,炎洲流通,62.7,0.0,0.0,30,09/04,1.64,1.64,6.9,3.33,-12.7,8.77,31.9,-87.6,-85.0,-87.1
167,1440,南紡,13.9,-0.3,-2.11,5325,09/04,-1.56,2.88,6.87,4.26,9.65,4.71,6.34,57.3,41.2,75.9
168,3587,閎康,255.0,5.5,2.2,320,09/04,-0.16,-0.68,6.87,5.83,4.68,12.8,-16.8,23.9,19.2,45.7
169,2404,漢唐,1070.0,35.0,3.38,1780,09/04,1.66,0.74,6.7,4.79,13.6,10.7,-15.1,11.2,175.0,-8.92
170,00830,國泰費城半導體,80.95,1.55,1.95,5223,09/04,1.55,3.13,6.69,16.1,44.1,54.3,118.0,62.8,332.0,424.0
171,4924,欣厚-KY,11.95,1.05,9.63,438,09/04,3.06,6.66,6.66,6.22,0.38,-2.01,18.1,,,
172,2527,宏璟,42.95,-0.25,-0.58,389,09/04,2.35,5.02,6.58,9.71,18.1,0.09,69.3,194.0,925.0,595.0
173,1104,環泥,27.7,-0.1,-0.36,683,09/04,-0.56,7.47,6.51,6.07,4.82,5.13,42.6,31.7,-21.9,-11.2
174,2059,川湖,13860.0,410.0,3.05,477,09/04,-0.41,3.0,6.51,9.09,15.0,51.3,10.9,7.95,52.9,31.4
175,6290,良維,270.0,24.5,9.98,6101,09/04,3.11,3.87,6.48,3.65,6.23,14.0,-23.7,-36.6,7.57,-15.7
176,6505,台塑化,78.1,1.6,2.09,14977,09/04,2.36,1.77,6.48,2.04,-8.04,-5.43,14.5,-19.3,58.6,128.0
177,6197,佳必琪,315.0,16.0,5.35,3153,09/04,0.53,0.25,6.43,7.17,6.12,16.0,5.81,40.6,1.91,60.0
178,1529,樂事綠能,16.45,-0.25,-1.5,496,09/04,-0.13,5.18,6.39,8.04,9.43,12.2,-9.56,-20.1,-11.5,-1.54
179,4971,IET-KY,624.0,13.0,2.13,5020,09/04,4.45,5.48,6.37,13.9,4.28,25.9,0.2,-27.4,-10.9,-32.3
180,00916,國泰全球品牌50,27.19,0.48,1.8,1597,09/04,-1.73,0.44,6.31,6.06,-4.81,-11.0,-23.1,2175.0,7483.0,15067.0
181,5536,聖暉*,853.0,36.0,4.41,552,09/04,-2.21,-2.31,6.27,8.65,-0.39,36.5,24.5,-61.8,-43.6,-59.8
182,2383,台光電,5415.0,125.0,2.36,1702,09/04,3.99,4.75,6.27,10.3,14.0,2.0,11.8,12.7,-40.8,-10.9
183,6526,達發,635.0,5.0,0.79,367,09/04,0.54,-1.06,6.2,0.15,4.33,-10.8,-30.6,-9.9,19.0,16.4
184,5519,隆大,27.35,0.1,0.37,230,09/04,1.57,5.23,6.1,9.17,7.35,5.23,1.91,44.1,-55.9,-33.3
185,00652,富邦印度,33.05,-0.09,-0.27,70,09/04,6.06,6.06,6.06,-35.2,-23.9,6.06,-76.0,-52.1,-23.9,-47.0
186,6510,精測,3350.0,0.0,0.0,1252,09/04,0.77,-0.43,6.02,16.5,23.5,31.2,9.18,169.0,72.5,179.0
187,6168,宏齊,29.05,1.45,5.25,9648,09/04,2.64,6.74,5.97,3.36,14.3,13.2,-6.26,121.0,38.4,122.0
188,6506,雙邦,18.2,-0.2,-1.09,93,09/04,5.61,6.67,5.96,5.26,13.1,26.0,-58.2,4.23,2.56,3.56
189,6933,AMAX-KY,317.0,15.0,4.97,957,09/04,2.04,1.93,5.96,25.0,75.8,92.8,125.0,226.0,244.0,174.0
190,2360,致茂,2030.0,15.0,0.74,1619,09/04,5.0,5.71,5.87,8.99,6.75,-8.58,40.0,-56.0,57.7,-20.8
191,1904,正隆,24.8,-0.3,-1.2,1652,09/04,3.81,5.16,5.83,-4.33,-1.49,6.07,25.5,179.0,312.0,283.0
192,6743,安普新,28.6,0.1,0.35,258,09/04,2.61,3.77,5.76,3.77,0.18,6.78,-7.55,-41.4,-50.1,-46.9
193,6674,鋐寶科技,15.65,-0.15,-0.95,34,09/04,5.75,5.75,5.75,2.58,3.46,-1.65,-19.5,-18.7,-16.4,-19.5
194,2308,台達電,1825.0,65.0,3.69,9195,09/04,-1.98,-2.77,5.72,4.22,11.2,8.17,72.0,58.8,236.0,8.38
195,2707,晶華,179.0,0.5,0.28,100,09/04,5.71,5.71,5.71,13.0,13.8,-16.9,31.0,-10.8,-29.9,-39.6
196,3213,茂訊,129.0,2.0,1.57,890,09/04,5.44,5.68,5.68,3.79,5.84,-13.7,-36.8,-42.3,-54.6,-33.6
197,2762,世界健身-KY,81.9,0.1,0.12,26,09/04,0.45,4.67,5.66,13.1,14.3,7.18,14.9,54.5,-5.08,42.7
198,00980D,主動聯博投等入息,20.03,0.0,0.0,496,09/04,1.81,2.55,5.64,7.25,10.2,66.3,138.0,25.4,553.0,24.9
199,00738U,期元大道瓊白銀,52.95,0.75,1.44,2290,09/04,5.66,9.27,5.64,5.34,5.52,11.0,14.4,0.78,144.0,-11.4
200,2756,聯發國際,62.2,-0.7,-1.11,19,09/04,3.86,5.6,5.6,6.2,14.2,32.7,55.8,109.0,,72.1
201,00728,第一金工業30,69.65,1.6,2.35,232,09/04,0.0,-1.72,5.56,29.5,850.0,5600.0,,1325.0,235.0,138.0
202,2419,仲琦,27.1,-0.2,-0.73,3179,09/04,0.46,-0.13,5.53,5.47,1.82,3.76,-8.25,16.0,-18.6,14.0
203,6146,耕興,182.5,-2.5,-1.35,603,09/04,1.04,5.12,5.45,4.48,3.52,-5.18,-13.9,17.7,97.4,114.0
204,3052,夆典,10.5,-0.05,-0.47,497,09/04,1.32,9.73,5.39,9.17,4.87,14.4,31.8,36.0,8.24,43.7
205,6944,兆聯實業,696.0,1.0,0.14,340,09/04,2.56,4.81,5.36,7.28,7.51,22.6,-5.74,22.6,,6.6
206,009813,貝萊德標普卓越50,11.4,0.18,1.6,2709,09/04,0.0,5.36,5.36,3.51,5.36,5.36,-77.9,-90.1,,-92.4
207,00762,元大全球AI,113.35,3.25,2.95,439,09/04,0.0,3.95,5.33,6.76,11.3,-35.8,68.1,2.6,-31.3,-44.8
208,2201,裕隆,31.1,-0.3,-0.96,5754,09/04,1.31,1.46,5.28,3.61,4.89,12.3,3.54,-4.56,37.8,10.5
209,00932,兆豐永續高息等權,17.55,0.15,0.86,470,09/04,5.26,5.26,5.26,5.26,-73.0,-72.2,186.0,-48.7,-88.6,-79.2
210,9927,泰銘,69.5,0.0,0.0,60,09/04,0.0,0.0,5.26,-1.64,-1.64,-1.64,39.5,-22.1,-76.6,-21.1
211,9942,茂順,114.5,0.5,0.44,46,09/04,0.0,5.26,5.26,21.2,53.8,73.9,-59.6,-53.5,-86.1,-72.6
212,2597,潤弘,169.0,1.0,0.6,131,09/04,0.62,5.92,5.23,4.55,8.05,-5.85,-48.1,-32.6,-54.5,-50.6
213,6438,迅得,156.5,2.5,1.62,437,09/04,0.2,-1.38,5.21,7.57,5.97,4.34,-14.8,-30.6,-40.7,-19.1
214,2061,風青,54.0,2.1,4.05,2176,09/04,-0.47,2.29,5.2,2.17,-1.98,4.42,52.1,69.0,65.7,50.5
215,4540,全球傳動,60.8,1.3,2.18,2467,09/04,-1.2,5.52,5.19,7.33,5.83,30.5,-32.1,-20.0,-24.3,0.34
216,3293,鈊象,709.0,6.0,0.85,950,09/04,-0.03,-4.17,5.18,10.8,31.7,26.1,-9.33,-21.8,-11.5,-27.8
217,009804,聯邦台精彩50,23.07,0.43,1.9,1607,09/04,0.0,-5.72,5.1,-1.9,-12.5,-41.6,212.0,497.0,390.0,554.0
218,6531,愛普*,911.0,-1.0,-0.11,2888,09/04,0.49,4.02,5.06,12.3,14.8,-2.65,-39.1,27.4,-25.8,-27.0
219,6015,宏遠證,16.8,0.4,2.44,2329,09/04,4.33,5.02,4.99,8.31,0.65,10.1,-28.2,-4.65,101.0,225.0
220,5607,遠雄港,56.8,-0.4,-0.7,1778,09/04,-0.55,3.4,4.9,4.34,9.83,45.1,62.2,88.2,18.7,78.8
221,00795B,中信美國公債20年,25.9,0.02,0.08,3033,09/04,-0.16,4.71,4.89,8.65,5.78,-22.5,-56.4,-67.9,-74.8,-72.3
222,4541,晟田,61.2,-1.6,-2.55,1830,09/04,1.63,2.43,4.83,3.92,5.86,14.1,0.07,-4.47,-31.4,-17.8
223,5351,鈺創,112.5,2.5,2.27,12274,09/04,1.68,2.84,4.79,11.7,19.9,1.92,-23.0,9.42,42.3,-5.49
224,2816,旺旺保,40.0,0.45,1.14,615,09/04,3.2,5.74,4.77,-3.28,11.2,71.7,104.0,177.0,122.0,167.0
225,1541,錩泰,21.3,-0.25,-1.16,6,09/04,0.0,0.92,4.76,5.77,4.76,1.85,-2.65,-23.1,-30.4,-3.51
226,5223,安力-KY,23.45,-0.05,-0.21,6,09/04,0.0,6.4,4.72,3.1,0.0,-2.21,-29.6,-2.92,34.3,83.4
227,8099,大世科,61.2,-0.3,-0.49,707,09/04,-0.72,-0.36,4.68,4.36,1.87,0.06,11.7,23.6,25.9,37.5
228,8042,金山電,110.5,10.0,9.95,8988,09/04,-1.7,-4.01,4.67,12.8,23.5,45.1,85.1,63.5,495.0,58.6
229,2243,宏旭-KY,46.0,2.1,4.78,301,09/04,0.91,1.41,4.66,5.43,9.69,9.11,-17.1,176.0,-10.7,110.0
230,6902,GOGOLOOK,125.0,1.0,0.81,33,09/04,-0.46,-0.61,4.65,6.01,7.22,7.76,24.6,43.8,123.0,79.9
231,4303,信立,34.7,-0.8,-2.25,854,09/04,0.25,4.34,4.61,4.16,0.94,-3.71,-18.1,-23.4,-13.8,-22.7
232,1722,台肥,44.8,0.15,0.34,1891,09/04,2.62,4.94,4.58,4.91,7.87,4.04,-15.5,64.1,61.1,32.2
233,1308,亞聚,14.15,-0.25,-1.74,1099,09/04,1.42,3.26,4.51,-2.75,-1.8,0.33,-22.5,1.12,116.0,46.3
234,4716,大立,17.3,0.2,1.17,1070,09/04,0.54,4.62,4.49,-11.1,-10.9,-24.9,1.65,24.5,139.0,11.5
235,1558,伸興,106.5,0.5,0.47,80,09/04,-4.65,-1.2,4.46,-0.61,0.61,-35.4,-40.6,-53.4,-62.2,-55.2
236,2538,基泰,8.89,0.0,0.0,538,09/04,0.07,1.75,4.45,5.28,9.58,20.5,5.12,-3.79,-34.5,-21.3
237,7805,威聯通,508.0,6.0,1.2,46,09/04,0.85,-1.67,4.42,9.26,29.7,413.0,,,,
238,00685L,群益臺灣加權正2,12.13,0.44,3.76,211519,09/04,-1.51,-2.77,4.41,0.17,-8.51,-19.0,7704.0,24673.0,28866.0,49775.0
239,6568,宏觀,137.0,3.5,2.62,84,09/04,0.0,1.79,4.33,3.79,4.33,-3.17,-41.7,-42.2,83.6,-22.8
240,1309,台達化,13.65,0.05,0.37,1192,09/04,0.43,1.19,4.33,4.43,2.77,7.65,-8.29,16.5,116.0,76.7
241,00708L,期元大S&P黃金正2,83.55,1.5,1.83,4939,09/04,-0.52,2.06,4.32,19.3,51.8,96.2,119.0,111.0,80.6,204.0
242,1595,川寶,68.8,-1.2,-1.71,619,09/04,0.77,4.97,4.28,2.6,2.55,2.22,-31.6,139.0,101.0,126.0
243,2439,美律,77.9,0.3,0.39,1030,09/04,1.27,1.91,4.27,9.97,11.4,15.3,20.8,23.3,57.8,33.6
244,2640,大車隊,156.0,-0.5,-0.32,10,09/04,0.0,0.0,4.24,5.66,7.55,7.13,4.24,469.0,1051.0,787.0
245,6693,廣閎科,181.5,3.0,1.68,2058,09/04,3.74,2.18,4.2,3.61,2.39,10.7,4.01,151.0,47.0,73.5
246,8928,鉅明,24.95,0.2,0.81,30,09/04,0.87,0.7,4.15,4.15,2.12,-1.54,-9.56,1.94,65.8,-3.35
247,5871,中租-KY,111.5,0.0,0.0,4553,09/04,2.22,4.87,4.11,6.79,6.17,3.23,-22.8,-30.1,-29.3,-37.4
248,6706,惠特,127.0,6.5,5.39,1473,09/04,1.29,2.33,4.09,4.04,4.53,10.1,-24.5,-13.9,18.2,-43.9
249,5704,老爺知,23.2,-0.2,-0.85,54,09/04,0.0,0.0,4.08,8.51,10.9,-8.93,-64.3,-60.2,-58.9,-58.2
250,6116,彩晶,14.05,0.15,1.08,14314,09/04,0.49,1.26,4.07,6.56,0.92,3.75,16.3,3.03,27.9,37.8
251,8488,吉源-KY,10.4,0.63,6.45,191,09/04,8.33,13.0,4.0,8.33,13.0,30.0,23.8,23.8,-27.8,18.2
252,3527,聚積,51.2,0.0,0.0,33,09/04,1.26,3.98,3.98,4.43,8.39,10.1,3.89,-1.07,-13.0,-8.39
253,2701,萬企,10.4,0.05,0.48,42,09/04,-1.08,-0.54,3.98,0.55,-2.66,-4.19,-46.4,-65.9,-68.7,-63.6
254,1312,國喬,14.6,-0.3,-2.01,33052,09/04,0.65,2.09,3.98,-7.36,6.1,13.7,178.0,136.0,154.0,200.0
255,3312,弘憶股,52.8,0.8,1.54,838,09/04,-1.47,2.63,3.94,4.45,5.44,10.7,-1.52,-4.94,-17.7,-9.77
256,6829,千附精密,243.5,12.0,5.18,637,09/04,0.45,-1.05,3.92,8.52,18.1,61.0,-2.07,21.8,-29.2,18.3
257,5206,坤悅,23.6,0.25,1.07,111,09/04,1.37,3.29,3.91,4.43,-8.96,-7.49,17.0,28.8,70.6,41.5
258,4905,台聯電,85.9,0.1,0.12,19,09/04,-0.93,1.9,3.88,-3.6,5.94,-29.1,0.94,75.4,-18.9,50.7
259,2399,映泰,47.3,2.9,6.53,11767,09/04,1.79,3.37,3.86,5.34,2.86,6.59,20.5,38.7,67.8,20.6
260,00781B,國泰A級科技債,27.1,0.0,0.0,128,09/04,0.0,0.0,3.85,35.0,-10.0,12.5,22.7,35.0,350.0,28.6
261,3630,新鉅科,28.4,1.35,4.99,4102,09/04,2.28,2.85,3.81,5.57,4.75,4.89,8.75,16.0,-4.66,14.0
262,1710,東聯,15.95,-0.25,-1.54,8695,09/04,4.72,2.23,3.78,0.17,2.94,0.13,78.6,175.0,175.0,160.0
263,1301,台塑,66.0,0.3,0.46,26922,09/04,2.83,2.71,3.74,3.07,-14.4,-19.6,4.53,-7.01,-41.8,-30.6
264,6613,朋億*,258.5,1.5,0.58,221,09/04,0.44,1.1,3.73,-7.09,36.9,12.9,-7.47,69.5,38.7,114.0
265,00686R,群益臺灣加權反1,0.98,0.0,0.0,6267,09/04,0.04,0.27,3.73,-13.9,-0.95,30.9,-6.16,-6.67,-8.67,-12.2
266,1455,集盛,9.96,-0.01,-0.1,891,09/04,1.56,1.44,3.72,5.07,2.93,8.03,24.0,4.68,-17.1,14.6
267,4961,天鈺,165.5,-0.5,-0.3,342,09/04,1.55,3.34,3.7,1.99,1.91,-21.8,-42.2,-48.1,-27.7,-35.0
268,7786,東方風能,116.5,0.0,0.0,71,09/04,0.9,4.65,3.69,3.21,-10.4,20.3,-38.2,,,
269,2340,台亞,34.05,0.85,2.56,2361,09/04,1.74,2.87,3.65,2.71,4.25,7.74,-22.0,36.8,8.95,6.4
270,3311,閎暉,31.95,0.2,0.63,87,09/04,0.68,3.0,3.62,7.06,7.25,8.4,-22.2,-7.63,-42.1,-34.1
271,009819,中信數據及電力,9.74,0.14,1.46,2815,09/04,-0.09,2.27,3.56,8.35,20.3,12.3,-30.6,,,
272,4556,旭然,72.9,6.6,9.95,221,09/04,0.47,1.74,3.54,3.37,2.88,27.8,248.0,30.6,-19.6,28.3
273,3285,微端,41.0,0.0,0.0,14,09/04,0.99,2.76,3.54,9.33,16.8,40.4,141.0,195.0,18.8,94.3
274,00984D,主動聯博全球非投,9.9,-0.01,-0.1,23199,09/04,0.57,4.12,3.52,10.2,18.2,29.3,275.0,32826.0,,
275,4927,泰鼎-KY,41.9,1.35,3.33,2401,09/04,-0.05,0.09,3.5,3.07,10.8,10.8,-26.2,-15.1,40.0,-22.8
276,6154,順發,14.05,-0.05,-0.35,8,09/04,0.0,0.0,3.47,0.0,0.85,-8.67,-1.65,46.1,57.0,73.8
277,1304,台聚,12.35,-0.1,-0.8,2069,09/04,1.15,1.75,3.47,0.44,-0.38,-6.36,-24.3,36.8,70.8,58.0
278,6870,騰雲,290.0,2.0,0.69,55,09/04,0.07,1.99,3.46,6.14,8.47,17.2,71.0,182.0,,176.0
279,8462,柏文,165.5,0.0,0.0,75,09/04,1.0,3.36,3.46,4.83,2.98,-2.38,15.2,16.3,54.4,25.5
280,00911,兆豐洲際半導體,50.95,0.75,1.49,728,09/04,3.0,3.0,3.45,2.56,5.26,4.8,155.0,823.0,650.0,674.0
281,3189,景碩,819.0,44.0,5.68,19779,09/04,1.82,4.05,3.41,14.4,12.3,-0.19,-4.23,19.5,146.0,13.0
282,5455,昇益,30.0,-0.05,-0.17,9,09/04,1.67,2.52,3.39,4.27,7.96,14.0,25.8,149.0,510.0,307.0
283,6425,易發,62.8,1.3,2.11,234,09/04,0.55,1.23,3.29,11.4,13.8,19.4,-33.1,-49.6,-48.3,-54.2
284,2327,國巨*,562.0,51.0,9.98,57703,09/04,2.81,0.25,3.24,7.61,13.3,28.8,-21.7,19.2,49.6,-1.06
285,2365,昆盈,29.15,0.0,0.0,744,09/04,-0.21,1.86,3.22,9.66,9.56,8.91,-19.9,-19.6,-31.0,-29.4
286,6739,竹陞科技,1135.0,60.0,5.58,132,09/04,3.22,3.22,3.22,5.09,9.29,13.6,-20.3,-26.5,,
287,3135,凌航,173.0,0.5,0.29,769,09/04,-0.42,-0.03,3.18,3.71,13.3,-4.39,8.17,,,
288,8027,鈦昇,181.5,4.5,2.54,3953,09/04,0.57,1.4,3.17,3.76,10.9,7.26,-18.0,18.7,41.8,6.24
289,4105,東洋,77.0,-0.3,-0.39,756,09/04,2.62,4.33,3.12,2.62,-30.1,-30.7,-35.3,-9.91,-43.4,-28.4
290,3380,明泰,30.0,1.0,3.45,2949,09/04,-1.96,0.79,3.12,4.85,5.43,8.01,3.5,-1.08,33.9,4.33
291,6683,雍智科技,1360.0,-25.0,-1.81,1306,09/04,-0.81,-0.73,3.11,6.18,24.7,39.4,6.13,28.3,,240.0
292,3546,宇峻,71.5,0.2,0.28,57,09/04,0.26,1.87,3.11,1.14,4.37,5.66,-18.8,-17.8,-39.3,-37.4
293,3260,威剛,400.5,5.5,1.39,4877,09/04,0.56,2.61,3.07,3.28,8.39,-4.9,-16.8,29.7,171.0,62.6
294,00650L,復華香港正2,17.48,0.72,4.3,4245,09/04,3.09,2.37,3.06,4.24,0.6,3.46,-38.1,-33.6,-63.9,-47.8
295,00941,中信上游半導體,24.73,0.25,1.02,547,09/04,1.49,-2.86,3.03,6.25,4.62,0.49,36.0,-44.9,-44.1,-16.7
296,6725,矽科宏晟,225.0,6.0,2.74,91,09/04,3.64,3.32,3.01,7.89,21.7,32.6,,,,
297,6226,光鼎,33.5,1.5,4.69,4993,09/04,6.86,1.54,3.01,13.2,19.5,99.8,531.0,,,
298,2702,華園,12.7,0.0,0.0,15,09/04,0.0,1.37,3.01,3.97,3.25,3.97,3.73,13.5,-18.0,-2.2
299,6854,錼創科技-KY創,92.8,0.1,0.11,307,09/04,-0.25,1.85,3.0,3.63,2.02,-1.13,-35.4,-54.3,-55.3,-53.9
300,8279,生展,79.2,-0.8,-1.0,130,09/04,-2.27,-1.71,2.99,8.86,27.4,33.3,72.0,75.5,,187.0
