代號,名稱,成交,漲跌 價,漲跌 幅,法人 買賣 週別,更新 日期,外資 連續 買賣 週數,外資 連續 買賣 張數,外資 連續 買賣 佔 成交 (%),外資 連續 買賣 佔發 行量 (%),投信 連續 買賣 週數,投信 連續 買賣 張數,投信 連續 買賣 佔 成交 (%),投信 連續 買賣 佔發 行量 (%),自營 商 連續 買賣 週數,自營 商 連續 買賣 張數,自營 商 連續 買賣 佔 成交 (%),自營 商 連續 買賣 佔發 行量 (%),三大 法人 連續 買賣 週數,三大 法人 連續 買賣 張數,三大 法人 連續 買賣 佔 成交 (%),三大 法人 連續 買賣 佔發 行量 (%)
00717,富邦美國特別股,14.7,0.06,0.41,26W36,09/04,62,30703,60.9,25.7,0,0,0.0,0.0,1,276,63.4,0.23,27,20345,73.2,17.0
00931B,統一美債20年,13.03,0.0,0.0,26W36,09/04,33,339208,47.5,15.1,0,0,0.0,0.0,3,6534,17.3,0.29,3,7287,19.3,0.32
00900,富邦特選高股息30,19.75,0.22,1.13,26W36,09/04,22,267003,25.2,17.3,0,0,0.0,0.0,22,385921,36.4,25.0,22,671425,63.3,43.6
6657,華安,30.0,-0.2,-0.66,26W36,09/04,17,2029,13.5,2.28,0,0,0.0,0.0,2,2,0.24,0.0,17,2028,13.5,2.28
00898,國泰基因免疫革命,11.02,0.05,0.46,26W36,09/04,15,36246,42.7,31.3,0,0,0.0,0.0,4,7090,19.8,6.11,30,66478,52.6,57.3
4438,廣越,58.3,0.1,0.17,26W36,09/04,15,658,11.1,0.58,0,0,0.0,0.0,4,90,4.07,0.08,15,736,12.4,0.65
1565,精華,98.6,-0.9,-0.9,26W36,09/04,14,910,9.35,1.8,0,0,0.0,0.0,1,83,14.4,0.16,14,1002,10.3,1.99
00916,國泰全球品牌50,27.19,0.48,1.8,26W36,09/04,13,12885,7.28,12.2,0,0,0.0,0.0,11,31804,41.6,30.2,11,43542,57.0,41.3
3714,富采,66.8,5.3,8.62,26W36,09/04,13,40120,5.84,5.44,0,0,0.0,0.0,3,476,0.24,0.06,13,39606,5.77,5.37
2606,裕民,78.2,0.0,0.0,26W36,09/04,12,83652,21.0,9.9,1,478,1.13,0.06,1,232,0.55,0.03,3,29604,15.2,3.5
01007T,兆豐國泰R2,11.26,-0.1,-0.88,26W36,09/04,11,210,0.97,,0,0,0.0,0.0,0,0,0.0,0.0,11,210,0.97,
1906,寶隆,11.2,0.0,0.0,26W36,09/04,11,515,8.64,0.34,0,0,0.0,0.0,-2,-11,-1.12,-0.01,11,531,8.91,0.35
3029,零壹,111.5,2.5,2.29,26W36,09/04,11,10748,16.7,6.44,-5,-30,-0.11,-0.02,4,178,0.95,0.11,10,10590,18.1,6.34
4162,智擎,57.8,0.0,0.0,26W36,09/04,11,2618,6.68,1.82,0,0,0.0,0.0,1,1,0.08,0.0,11,2877,7.34,2.0
5529,鉅陞,24.4,0.5,2.09,26W36,09/04,11,417,11.0,0.39,0,0,0.0,0.0,-2,0,-0.03,0.0,11,404,10.6,0.38
2385,群光,110.5,3.0,2.79,26W36,09/04,10,39317,20.2,5.13,1,35,0.19,0.0,-7,-1360,-1.1,-0.18,4,12073,20.8,1.58
2881,富邦金,150.5,3.5,2.38,26W36,09/04,10,145024,11.7,1.04,2,7534,3.23,0.05,2,730,0.31,0.01,10,129904,10.5,0.93
3206,志豐,34.45,0.5,1.47,26W36,09/04,10,431,13.2,0.73,0,0,0.0,0.0,1,2,0.91,0.0,10,436,13.3,0.74
6741,91APP*-KY,60.0,0.4,0.67,26W36,09/04,10,3297,21.5,2.73,0,0,0.0,0.0,4,10,0.17,0.01,10,3268,21.4,2.71
7715,裕山,28.95,0.05,0.17,26W36,09/04,10,587,8.04,1.79,0,0,0.0,0.0,-1,0,-0.01,0.0,10,589,8.07,1.8
00997A,主動群益美國增長,10.97,0.17,1.57,26W36,09/04,9,68390,10.7,5.95,-3,-24390,-17.6,-2.12,5,25333,11.3,2.2,7,50335,14.1,4.38
2597,潤弘,169.0,1.0,0.6,26W36,09/04,9,2438,21.9,0.78,1,50,3.7,0.02,1,4,0.31,0.0,6,2061,30.7,0.66
00955,中信日本商社,16.23,-0.06,-0.37,26W36,09/04,8,16385,7.68,3.3,0,0,0.0,0.0,8,73907,34.6,14.9,8,90292,42.3,18.2
1445,大宇,10.15,-0.05,-0.49,26W36,09/04,8,442,15.2,0.34,0,0,0.0,0.0,2,3,0.51,0.0,8,441,15.1,0.34
2010,春源,22.55,0.0,0.0,26W36,09/04,8,7466,15.8,1.15,0,0,0.0,0.0,1,34,0.86,0.01,8,7667,16.2,1.18
2038,海光,12.75,0.15,1.19,26W36,09/04,8,954,7.91,0.49,0,0,0.0,0.0,3,7,0.26,0.0,8,941,7.81,0.48
2534,宏盛,17.1,-0.05,-0.29,26W36,09/04,8,4912,29.7,1.04,0,0,0.0,0.0,-1,-9,-0.66,0.0,-1,-4,-0.29,0.0
2642,宅配通,20.45,0.1,0.49,26W36,09/04,8,227,10.6,0.24,0,0,0.0,0.0,0,0,0.0,0.0,8,230,10.7,0.24
3034,聯詠,524.0,-3.0,-0.57,26W36,09/04,8,39332,21.8,6.46,3,1653,3.0,0.27,-1,-122,-0.68,-0.02,18,67014,13.2,11.0
3232,昱捷,19.6,0.0,0.0,26W36,09/04,8,60,4.45,0.13,0,0,0.0,0.0,-1,-1,-1.18,0.0,8,61,4.51,0.13
3437,榮創,18.35,0.75,4.26,26W36,09/04,8,1468,6.85,1.02,0,0,0.0,0.0,2,5,0.09,0.0,8,1471,6.86,1.02
3447,展達,28.95,0.7,2.48,26W36,09/04,8,737,9.47,0.95,0,0,0.0,0.0,2,2,0.13,0.0,8,739,9.49,0.95
6121,新普,397.0,2.5,0.63,26W36,09/04,8,9203,25.5,4.98,1,84,4.35,0.05,-5,-239,-1.25,-0.13,1,181,9.43,0.1
6224,聚鼎,84.8,5.2,6.53,26W36,09/04,8,2294,5.09,2.68,0,0,0.0,0.0,4,141,0.41,0.16,8,2424,5.38,2.83
6234,高僑,34.2,0.1,0.29,26W36,09/04,8,2045,9.26,2.04,0,0,0.0,0.0,-1,-2,-0.18,0.0,8,1995,9.04,1.99
6441,廣錠,21.0,0.05,0.24,26W36,09/04,8,205,5.56,0.38,0,0,0.0,0.0,1,0,0.1,0.0,8,208,5.65,0.39
6596,寬宏藝術,95.4,0.5,0.53,26W36,09/04,8,624,12.4,1.64,0,0,0.0,0.0,6,9,0.26,0.02,8,632,12.6,1.66
6877,鏵友益,110.5,0.5,0.45,26W36,09/04,8,344,11.5,0.73,0,0,0.0,0.0,-9,-157,-4.26,-0.33,8,288,9.62,0.61
6899,創為精密,50.0,0.3,0.6,26W36,09/04,8,60,6.67,0.14,0,0,0.0,0.0,0,0,0.0,0.0,8,59,6.59,0.14
8249,菱光,40.95,0.75,1.87,26W36,09/04,8,1641,15.6,1.19,0,0,0.0,0.0,-1,-2,-0.17,0.0,8,1650,15.7,1.2
9905,大華,21.5,0.05,0.23,26W36,09/04,8,754,12.0,0.25,0,0,0.0,0.0,1,11,2.29,0.0,8,780,12.4,0.26
9921,巨大,98.9,-1.6,-1.59,26W36,09/04,8,21035,14.0,5.37,-1,-1,-0.02,0.0,-2,-438,-2.52,-0.11,8,21383,14.2,5.45
00400A,主動國泰動能高息,15.17,0.29,1.95,26W36,09/04,7,134261,8.44,7.06,0,0,0.0,0.0,-1,-9552,-4.6,-0.5,-1,-5260,-2.53,-0.28
00401A,主動摩根台灣鑫收,14.13,0.17,1.22,26W36,09/04,7,30310,10.5,13.5,0,0,0.0,0.0,-1,-9593,-28.8,-4.27,-1,-1205,-3.62,-0.54
0052,富邦科技,62.7,1.1,1.79,26W36,09/04,7,90342,11.5,3.52,0,0,0.0,0.0,2,13682,10.7,0.53,5,111665,26.6,4.35
009804,聯邦台精彩50,23.07,0.43,1.9,26W36,09/04,7,5531,12.6,3.64,0,0,0.0,0.0,5,7047,26.2,4.64,5,10780,40.0,7.1
00981A,主動統一台股增長,29.77,0.64,2.2,26W36,09/04,7,927452,11.1,9.77,1,400,0.04,0.0,-1,-20164,-2.2,-0.21,-1,-4311,-0.47,-0.05
00991A,主動復華未來50,17.73,0.42,2.43,26W36,09/04,7,500092,9.96,11.1,-1,-5631,-1.36,-0.13,5,292552,10.4,6.51,5,544400,19.3,12.1
00992A,主動群益科技創新,18.47,0.43,2.38,26W36,09/04,7,270299,16.6,11.8,0,0,0.0,0.0,4,89710,10.9,3.93,5,231385,21.6,10.1
00993A,主動安聯台灣,13.34,0.26,1.99,26W36,09/04,7,43585,16.9,5.76,0,0,0.0,0.0,4,25548,23.9,3.38,7,65606,25.5,8.67
00995A,主動中信台灣卓越,17.25,0.25,1.47,26W36,09/04,7,30611,15.9,11.2,0,0,0.0,0.0,4,10442,15.4,3.82,7,29604,15.3,10.8
00999A,主動野村臺灣高息,11.54,0.18,1.58,26W36,09/04,7,63020,12.6,6.37,0,0,0.0,0.0,5,128486,37.4,13.0,5,183169,53.3,18.5
1319,東陽,82.6,1.2,1.47,26W36,09/04,7,19978,21.6,3.38,1,81,1.04,0.01,-1,-11,-0.15,0.0,6,18647,23.1,3.15
1432,大魯閣,15.0,0.0,0.0,26W36,09/04,7,568,14.8,0.53,0,0,0.0,0.0,2,2,0.3,0.0,7,567,14.7,0.52
1521,大億,25.75,-0.05,-0.19,26W36,09/04,7,101,15.5,0.13,0,0,0.0,0.0,0,0,0.0,0.0,7,101,15.5,0.13
1725,元禎,32.0,0.65,2.07,26W36,09/04,7,268,16.8,0.15,0,0,0.0,0.0,2,5,1.72,0.0,7,257,16.1,0.14
2371,大同,28.15,0.55,1.99,26W36,09/04,7,29347,8.97,1.36,2,156,0.14,0.01,3,815,0.49,0.04,7,28405,8.68,1.32
2727,王品,232.0,0.5,0.22,26W36,09/04,7,4580,27.1,5.52,-3,-328,-9.41,-0.4,-1,-55,-5.56,-0.07,1,4,0.41,0.0
2736,富野,11.55,0.0,0.0,26W36,09/04,7,186,6.89,0.23,0,0,0.0,0.0,4,1,0.06,0.0,7,186,6.91,0.23
2881C,富邦金丙特,51.5,-0.1,-0.19,26W36,09/04,7,47,2.94,0.01,0,0,0.0,0.0,0,0,0.0,0.0,7,47,2.94,0.01
3019,亞光,144.5,1.5,1.05,26W36,09/04,7,9380,5.54,3.36,0,0,0.0,0.0,-2,-123,-0.13,-0.04,5,9234,6.7,3.31
3086,華義*,29.6,-0.4,-1.33,26W36,09/04,7,704,11.0,0.26,0,0,0.0,0.0,1,109,6.13,0.04,7,754,11.8,0.28
3188,鑫龍騰,24.9,0.55,2.26,26W36,09/04,7,901,14.7,0.48,0,0,0.0,0.0,0,0,0.0,0.0,7,901,14.7,0.48
3466,德晉,24.35,-0.35,-1.42,26W36,09/04,7,747,11.7,0.96,0,0,0.0,0.0,-1,0,-0.01,0.0,7,748,11.7,0.96
4549,桓達,102.5,2.0,1.99,26W36,09/04,7,414,12.7,0.73,0,0,0.0,0.0,1,1,0.35,0.0,7,421,12.9,0.74
4974,亞泰,71.9,1.6,2.28,26W36,09/04,7,970,23.6,1.34,0,0,0.0,0.0,4,6,0.25,0.01,7,978,23.8,1.35
5244,弘凱,35.0,0.1,0.29,26W36,09/04,7,1392,25.4,2.04,0,0,0.0,0.0,0,0,0.0,0.0,7,1386,25.2,2.03
5452,佶優,27.1,0.35,1.31,26W36,09/04,7,2556,15.8,1.72,0,0,0.0,0.0,-1,-4,-0.22,0.0,7,2516,15.6,1.69
6104,創惟,97.0,1.7,1.78,26W36,09/04,7,4430,20.3,4.86,0,0,0.0,0.0,-1,-20,-0.93,-0.02,-1,-13,-0.6,-0.01
6150,撼訊,60.6,0.1,0.17,26W36,09/04,7,813,12.9,1.68,0,0,0.0,0.0,3,6,0.25,0.01,7,810,12.8,1.68
6189,豐藝,48.15,0.1,0.21,26W36,09/04,7,2588,17.1,0.98,-5,-64,-0.72,-0.02,1,2,0.18,0.0,7,2457,16.2,0.93
6263,普萊德,169.5,-2.0,-1.17,26W36,09/04,7,1275,25.0,2.04,0,0,0.0,0.0,3,11,0.56,0.02,7,1286,25.2,2.06
6270,倍微,28.5,0.3,1.06,26W36,09/04,7,1155,12.4,1.6,0,0,0.0,0.0,-1,-5,-0.64,-0.01,7,1163,12.4,1.61
6423,億而得,85.4,0.9,1.07,26W36,09/04,7,323,14.5,1.04,0,0,0.0,0.0,0,0,0.0,0.0,7,314,14.1,1.01
6953,家碩,238.5,1.0,0.42,26W36,09/04,7,230,17.3,0.77,0,0,0.0,0.0,1,2,0.82,0.01,7,228,17.2,0.76
8064,東捷,112.0,10.0,9.8,26W36,09/04,7,5710,4.95,3.09,0,0,0.0,0.0,2,101,0.23,0.05,4,2102,3.17,1.14
8908,欣雄,39.95,0.0,0.0,26W36,09/04,7,354,25.6,0.11,0,0,0.0,0.0,-2,-1,-0.14,0.0,7,354,25.6,0.11
0057,富邦摩台,321.6,3.85,1.21,26W36,09/04,6,5,0.69,0.33,0,0,0.0,0.0,1,15,13.2,0.98,1,16,14.2,1.05
00733,富邦臺灣中小,67.35,2.4,3.7,26W36,09/04,6,2388,10.4,3.73,0,0,0.0,0.0,-1,-150,-6.97,-0.23,5,2586,21.7,4.04
00904,台新臺灣半導體30,40.53,0.52,1.3,26W36,09/04,6,5885,18.1,3.72,-1,-100,-1.86,-0.06,-1,-533,-9.88,-0.34,7,6545,17.1,4.14
00983A,主動中信ARK創新,12.75,0.54,4.42,26W36,09/04,6,7316,20.0,8.79,0,0,0.0,0.0,22,124749,36.7,150.0,22,207323,61.0,249.0
1216,統一,75.6,0.0,0.0,26W36,09/04,6,196541,42.9,3.46,-5,-11771,-3.53,-0.21,-5,-4231,-1.27,-0.07,6,190750,41.6,3.36
1423,利華,35.45,-0.05,-0.14,26W36,09/04,6,76,17.9,0.08,0,0,0.0,0.0,1,1,2.7,0.0,6,74,17.4,0.07
1524,耿鼎,26.9,0.15,0.56,26W36,09/04,6,2461,22.6,1.49,0,0,0.0,0.0,3,5,0.12,0.0,6,2458,22.6,1.49
1587,吉茂,24.05,-0.15,-0.62,26W36,09/04,6,904,16.8,1.13,0,0,0.0,0.0,2,2,0.15,0.0,4,514,16.5,0.64
1904,正隆,24.8,-0.3,-1.2,26W36,09/04,6,19718,23.6,1.78,-1,-7,-0.06,0.0,-1,-3,-0.02,0.0,6,20023,24.0,1.81
2640,大車隊,156.0,-0.5,-0.32,26W36,09/04,6,57,6.5,0.1,0,0,0.0,0.0,4,6,1.0,0.01,6,64,7.3,0.11
3092,鴻碩,23.55,0.05,0.21,26W36,09/04,6,493,9.58,0.46,0,0,0.0,0.0,3,5,0.2,0.0,4,405,13.4,0.38
3310,佳穎,68.8,-0.3,-0.43,26W36,09/04,6,74,15.7,0.1,0,0,0.0,0.0,-1,0,0.0,0.0,6,74,15.7,0.1
3338,泰碩,65.4,2.3,3.65,26W36,09/04,6,582,5.01,0.66,0,0,0.0,0.0,-2,-2,-0.07,0.0,4,515,8.46,0.59
3443,創意,5810.0,10.0,0.17,26W36,09/04,6,2218,3.28,1.66,-1,-79,-0.93,-0.06,5,254,0.44,0.19,6,3829,5.67,2.86
5278,尚凡*,24.2,-0.1,-0.41,26W36,09/04,6,784,28.8,0.26,0,0,0.0,0.0,1,0,0.2,0.0,6,773,28.4,0.26
6213,聯茂,517.0,5.0,0.98,26W36,09/04,6,29655,5.73,8.16,-2,-5878,-2.87,-1.62,-3,-572,-0.22,-0.16,-2,-4209,-2.06,-1.16
6218,豪勉,42.25,-0.35,-0.82,26W36,09/04,6,3796,12.0,5.91,0,0,0.0,0.0,1,1,0.01,0.0,6,3814,12.1,5.93
6492,生華科,33.65,-0.15,-0.44,26W36,09/04,6,2119,18.7,1.84,0,0,0.0,0.0,-3,-365,-5.41,-0.32,-1,-34,-2.63,-0.03
6684,安格,46.3,0.75,1.65,26W36,09/04,6,475,14.3,1.07,0,0,0.0,0.0,1,0,0.04,0.0,6,467,14.0,1.05
7721,微程式,60.9,0.6,1.0,26W36,09/04,6,267,12.6,0.48,0,0,0.0,0.0,-2,-3,-0.51,-0.01,6,267,12.6,0.48
7810,捷創科技,217.5,-1.0,-0.46,26W36,09/04,6,129,5.9,0.63,0,0,0.0,0.0,4,20,1.15,0.1,6,144,6.6,0.71
7827,漢康-KY創,151.0,-0.5,-0.33,26W36,09/04,6,1776,22.6,1.27,0,0,0.0,0.0,2,8,0.33,0.01,6,1756,22.3,1.26
7828,創新服務,1930.0,175.0,9.97,26W36,09/04,6,635,8.04,1.57,1,5,0.3,0.01,1,46,2.81,0.11,6,605,7.66,1.49
9906,欣巴巴,42.2,-0.4,-0.94,26W36,09/04,6,460,28.1,0.51,0,0,0.0,0.0,-3,-14,-1.99,-0.02,6,458,28.0,0.51
00403A,主動統一升級50,10.26,0.2,1.99,26W36,09/04,5,1083997,18.9,6.95,0,0,0.0,0.0,5,1566105,27.3,10.0,5,2650103,46.1,17.0
00715L,期街口布蘭特正2,57.0,0.95,1.69,26W36,09/04,5,13367,7.53,16.6,0,0,0.0,0.0,4,23416,19.1,29.0,9,57942,14.1,71.8
009824,群益美國科技巨頭,10.15,0.18,1.81,26W36,09/04,5,20095,12.7,3.62,0,0,0.0,0.0,1,6661,18.6,1.2,1,13547,37.9,2.44
00984A,主動安聯台灣高息,15.64,0.17,1.1,26W36,09/04,5,13691,13.2,2.15,0,0,0.0,0.0,5,11258,10.9,1.77,5,24949,24.0,3.92
1304,台聚,12.35,-0.1,-0.8,26W36,09/04,5,8404,12.3,0.71,0,0,0.0,0.0,-1,-25,-0.13,0.0,5,8002,11.7,0.67
1313,聯成,11.9,0.0,0.0,26W36,09/04,5,10988,14.3,0.83,0,0,0.0,0.0,3,138,0.32,0.01,5,10915,14.2,0.82
1340,勝悅-KY,5.23,0.07,1.36,26W36,09/04,5,446,12.2,0.29,0,0,0.0,0.0,0,0,0.0,0.0,5,441,12.1,0.29
1435,中福,22.0,0.95,4.51,26W36,09/04,5,94,14.4,0.07,0,0,0.0,0.0,2,3,1.93,0.0,5,109,16.7,0.08
1440,南紡,13.9,-0.3,-2.11,26W36,09/04,5,10821,16.6,0.65,2,3,0.01,0.0,1,156,0.57,0.01,5,11017,16.9,0.66
1503,士電,207.5,6.5,3.23,26W36,09/04,5,2905,6.98,0.56,2,17,0.08,0.0,-1,-13,-0.12,0.0,5,2872,6.9,0.55
1504,東元,72.2,1.2,1.69,26W36,09/04,5,29210,12.8,1.23,-1,-422,-1.17,-0.02,-1,-608,-1.69,-0.03,5,32117,14.1,1.35
1584,精剛,18.0,-0.1,-0.55,26W36,09/04,5,882,8.7,0.38,0,0,0.0,0.0,-1,0,-0.01,0.0,5,791,7.8,0.34
1735,日勝化,20.25,0.15,0.75,26W36,09/04,5,299,11.4,0.3,0,0,0.0,0.0,-3,-45,-3.39,-0.05,5,281,10.7,0.28
2030,彰源,23.45,0.05,0.21,26W36,09/04,5,11715,14.2,4.18,0,0,0.0,0.0,3,164,0.35,0.06,5,11767,14.3,4.19
2034,允強,21.1,0.45,2.18,26W36,09/04,5,12852,36.9,2.43,0,0,0.0,0.0,-1,-29,-0.4,-0.01,5,12798,36.7,2.42
2069,運錩,21.0,0.05,0.24,26W36,09/04,5,2265,16.0,1.36,0,0,0.0,0.0,1,34,1.69,0.02,5,2225,15.7,1.34
2108,南帝,29.7,-0.15,-0.5,26W36,09/04,5,6835,24.9,1.39,0,0,0.0,0.0,-2,-91,-1.14,-0.02,1,74,2.09,0.02
2392,正崴,45.6,0.25,0.55,26W36,09/04,5,13955,10.2,2.72,-1,-3,-0.01,0.0,-1,-23,-0.08,0.0,5,15146,11.1,2.96
2393,億光,64.8,0.2,0.31,26W36,09/04,5,14602,21.6,3.29,-2,-1446,-9.85,-0.33,-2,-866,-5.9,-0.2,5,10019,14.8,2.26
2467,志聖,603.0,8.0,1.34,26W36,09/04,5,3073,9.09,1.96,1,170,2.67,0.11,-1,-62,-0.98,-0.04,6,2575,5.92,1.64
2528,皇普,20.25,0.45,2.27,26W36,09/04,5,2182,29.5,0.5,1,20,1.49,0.0,1,6,0.44,0.0,5,1762,23.8,0.4
2637,慧洋-KY,99.8,0.0,0.0,26W36,09/04,5,25557,14.7,3.42,1,319,1.22,0.04,1,140,0.53,0.02,1,3929,15.0,0.53
2751,王座,52.5,1.2,2.34,26W36,09/04,5,16,8.38,0.08,0,0,0.0,0.0,0,0,0.0,0.0,5,16,8.38,0.08
3037,欣興,902.0,-21.0,-2.28,26W36,09/04,5,75696,11.4,4.61,-1,-10409,-5.19,-0.63,2,1156,0.38,0.07,-1,-152,-0.08,-0.01
3171,炎洲流通,62.7,0.0,0.0,26W36,09/04,5,46,8.76,0.14,0,0,0.0,0.0,-1,-4,-3.25,-0.01,5,52,9.99,0.16
3191,雲嘉南,17.3,-0.15,-0.86,26W36,09/04,5,54,6.83,0.12,0,0,0.0,0.0,0,0,0.0,0.0,5,52,6.58,0.12
3234,光環,206.0,11.5,5.91,26W36,09/04,5,10196,9.48,8.06,1,372,1.38,0.29,-1,-6,-0.02,0.0,5,10618,9.87,8.4
3306,鼎天,44.95,0.35,0.78,26W36,09/04,5,456,23.9,0.9,0,0,0.0,0.0,-1,-4,-1.34,-0.01,5,458,24.0,0.9
3564,其陽,50.2,-2.7,-5.1,26W36,09/04,5,260,4.16,0.44,0,0,0.0,0.0,2,1,0.03,0.0,5,261,4.18,0.44
3680,家登,518.0,6.0,1.17,26W36,09/04,5,3285,10.9,3.41,0,0,0.0,0.0,-1,-66,-0.66,-0.07,5,3338,11.1,3.47
4175,杏一,51.8,0.2,0.39,26W36,09/04,5,20,7.31,0.05,0,0,0.0,0.0,0,0,0.0,0.0,5,20,7.31,0.05
4420,光明,38.55,0.45,1.18,26W36,09/04,5,85,14.6,0.21,1,0,0.16,0.0,4,4,0.87,0.01,5,83,14.2,0.2
4527,方土霖,40.8,0.2,0.49,26W36,09/04,5,51,7.48,0.07,0,0,0.0,0.0,0,0,0.0,0.0,5,51,7.47,0.07
4766,南寶,346.0,4.0,1.17,26W36,09/04,5,696,12.7,0.58,-1,-1,-0.12,0.0,-3,-77,-2.65,-0.06,5,569,10.4,0.47
4771,望隼,208.5,-1.0,-0.48,26W36,09/04,5,1660,26.7,2.83,0,0,0.0,0.0,-1,-1,-0.08,0.0,5,1683,27.1,2.87
4912,聯德控股-KY,102.0,0.5,0.49,26W36,09/04,5,1818,10.9,2.71,0,0,0.0,0.0,-3,-4,-0.03,-0.01,5,1798,10.7,2.68
5487,通泰,29.45,0.3,1.03,26W36,09/04,5,110,6.23,0.45,0,0,0.0,0.0,3,3,0.25,0.01,5,113,6.38,0.46
6128,上福,19.75,-0.1,-0.5,26W36,09/04,5,137,7.54,0.11,0,0,0.0,0.0,2,9,1.55,0.01,4,110,7.49,0.09
6225,天瀚,60.0,-0.4,-0.66,26W36,09/04,5,108,2.71,0.39,0,0,0.0,0.0,0,0,0.0,0.0,5,108,2.71,0.39
6438,迅得,156.5,2.5,1.62,26W36,09/04,5,2038,20.1,2.48,0,0,0.0,0.0,2,49,0.78,0.06,5,1944,19.2,2.37
6491,晶碩,385.0,4.5,1.18,26W36,09/04,5,2941,22.8,3.77,-1,-71,-2.1,-0.09,1,20,0.59,0.03,5,2893,22.4,3.71
6609,瀧澤科,39.9,-0.4,-0.99,26W36,09/04,5,898,27.8,1.24,0,0,0.0,0.0,1,0,0.06,0.0,5,899,27.9,1.24
6642,富致,83.3,3.0,3.74,26W36,09/04,5,838,8.31,2.24,0,0,0.0,0.0,-1,-5,-0.45,-0.01,5,861,8.54,2.3
6909,創控,40.7,1.1,2.78,26W36,09/04,5,404,8.44,0.6,0,0,0.0,0.0,0,0,0.0,0.0,5,357,7.46,0.53
6971,惠民實業,26.1,0.05,0.19,26W36,09/04,5,28,3.82,0.07,0,0,0.0,0.0,0,0,0.0,0.0,5,28,3.82,0.07
7709,榮田,77.3,7.0,9.96,26W36,09/04,5,43,2.8,0.11,0,0,0.0,0.0,1,3,0.4,0.01,5,46,2.98,0.12
8034,榮群,19.45,-0.05,-0.26,26W36,09/04,5,198,9.28,0.35,0,0,0.0,0.0,2,0,0.02,0.0,5,199,9.31,0.35
8066,來思達,14.7,0.2,1.38,26W36,09/04,5,15,1.65,0.04,0,0,0.0,0.0,-1,0,-0.07,0.0,5,15,1.6,0.04
912000,晨訊科-DR,2.48,0.04,1.64,26W36,09/04,5,933,9.59,0.59,0,0,0.0,0.0,0,0,0.0,0.0,5,933,9.59,0.59
9919,康那香,13.95,0.1,0.72,26W36,09/04,5,1027,21.3,0.53,0,0,0.0,0.0,0,0,0.0,0.0,5,962,19.9,0.49
00407A,主動凱基台灣,9.73,0.17,1.78,26W36,09/04,4,137929,11.8,5.26,0,0,0.0,0.0,5,517725,36.1,19.7,5,653985,45.6,24.9
00669R,國泰美國道瓊反1,5.16,-0.05,-0.96,26W36,09/04,4,127,0.96,0.06,0,0,0.0,0.0,1,876,36.5,0.44,1,969,40.3,0.48
00686R,群益臺灣加權反1,0.98,0.0,0.0,26W36,09/04,4,42,0.02,0.02,0,0,0.0,0.0,-5,-52901,-20.0,-20.1,-5,-52864,-20.0,-20.0
00735,國泰臺韓科技,104.05,3.45,3.43,26W36,09/04,4,2452,5.58,2.04,0,0,0.0,0.0,4,4713,10.7,3.92,4,7165,16.3,5.96
00746B,富邦A級公司債,34.36,0.02,0.06,26W36,09/04,4,392,5.36,0.02,0,0,0.0,0.0,-2,-384,-11.8,-0.02,-2,-70,-2.15,0.0
00751B,元大AAA至A公司債,30.3,0.0,0.0,26W36,09/04,4,3708,4.09,0.07,0,0,0.0,0.0,-4,-19149,-21.1,-0.37,-5,-16336,-14.3,-0.31
00757,統一FANG+,141.55,3.3,2.39,26W36,09/04,4,2708,13.5,1.01,0,0,0.0,0.0,4,8144,40.6,3.05,4,10852,54.1,4.06
00768B,復華20年美債,48.01,0.02,0.04,26W36,09/04,4,156,1.27,0.02,0,0,0.0,0.0,-3,-1139,-12.5,-0.14,-3,-1017,-11.2,-0.13
00861,元大全球未來通訊,84.25,1.75,2.12,26W36,09/04,4,261,13.7,0.37,0,0,0.0,0.0,1,9,1.98,0.01,1,107,24.9,0.15
00893,國泰智能電動車,42.59,0.88,2.11,26W36,09/04,4,1922,19.8,0.54,0,0,0.0,0.0,-3,-929,-12.4,-0.26,5,2788,20.7,0.78
00895,富邦未來車,50.2,1.1,2.24,26W36,09/04,4,1029,19.0,0.72,0,0,0.0,0.0,1,397,33.8,0.28,12,7221,23.1,5.02
00940,元大台灣價值高息,13.01,0.23,1.8,26W36,09/04,4,18618,7.0,0.36,0,0,0.0,0.0,22,2845846,62.5,54.6,22,3053427,67.0,58.6
00948B,中信優息投資級債,9.14,0.02,0.22,26W36,09/04,4,6895,11.1,0.17,0,0,0.0,0.0,2,7119,24.3,0.18,2,12371,42.3,0.31
00950B,凱基A級公司債,13.57,0.01,0.07,26W36,09/04,4,2332,4.03,0.06,0,0,0.0,0.0,1,900,7.27,0.02,1,1435,11.6,0.03
00960,野村全球航運龍頭,21.27,-0.05,-0.23,26W36,09/04,4,596,2.17,1.0,0,0,0.0,0.0,-3,-3190,-12.5,-5.36,-3,-2609,-10.2,-4.38
1217,愛之味,9.95,-0.01,-0.1,26W36,09/04,4,1716,21.4,0.35,0,0,0.0,0.0,-1,-28,-2.01,-0.01,4,1779,22.2,0.36
1312,國喬,14.6,-0.3,-2.01,26W36,09/04,4,18146,2.79,1.19,0,0,0.0,0.0,-9,-10820,-1.05,-0.71,3,14421,2.3,0.94
1416,廣豐,11.75,0.05,0.43,26W36,09/04,4,1273,9.34,0.69,0,0,0.0,0.0,4,31,0.23,0.02,4,1304,9.56,0.7
1434,福懋,18.2,0.1,0.55,26W36,09/04,4,9020,21.7,0.54,-1,-5,-0.05,0.0,4,127,0.31,0.01,4,9138,22.0,0.54
1436,華友聯,38.35,0.2,0.52,26W36,09/04,4,708,14.0,0.36,0,0,0.0,0.0,2,8,0.77,0.0,4,707,14.0,0.36
1455,集盛,9.96,-0.01,-0.1,26W36,09/04,4,3962,12.5,0.75,0,0,0.0,0.0,1,99,1.2,0.02,4,4172,13.1,0.78
1463,強盛新,17.4,0.05,0.29,26W36,09/04,4,186,22.5,0.11,0,0,0.0,0.0,4,8,0.97,0.0,4,194,23.5,0.11
1603,華電,30.4,0.05,0.16,26W36,09/04,4,1025,24.2,0.53,0,0,0.0,0.0,-1,-18,-2.23,-0.01,4,1016,24.0,0.53
1710,東聯,15.95,-0.25,-1.54,26W36,09/04,4,11294,10.8,1.28,0,0,0.0,0.0,3,317,0.4,0.04,4,11573,11.1,1.31
1806,冠軍,8.04,0.02,0.25,26W36,09/04,4,503,10.5,0.13,0,0,0.0,0.0,0,0,0.0,0.0,4,527,11.0,0.13
1815,富喬,118.5,-1.5,-1.25,26W36,09/04,4,112554,8.57,19.2,-1,-1412,-0.32,-0.24,-1,-3380,-0.76,-0.58,7,154185,9.73,26.3
2029,盛餘,21.8,-0.1,-0.46,26W36,09/04,4,1561,19.2,0.49,0,0,0.0,0.0,4,57,0.7,0.02,4,1618,19.9,0.5
2109,華豐,14.8,0.0,0.0,26W36,09/04,4,189,10.2,0.07,0,0,0.0,0.0,1,2,0.31,0.0,4,173,9.32,0.06
2114,鑫永銓,88.8,-0.4,-0.45,26W36,09/04,4,135,20.6,0.17,0,0,0.0,0.0,-1,-3,-2.99,0.0,-1,-2,-2.0,0.0
2233,宇隆,168.5,3.5,2.12,26W36,09/04,4,858,4.98,1.42,-2,-200,-2.03,-0.33,2,81,0.83,0.13,2,88,0.9,0.15
2237,華德動能-創,27.7,0.0,0.0,26W36,09/04,4,509,9.18,0.4,0,0,0.0,0.0,1,9,1.23,0.01,4,513,9.24,0.4
2239,英利-KY,19.85,0.1,0.51,26W36,09/04,4,76,8.01,0.06,0,0,0.0,0.0,4,10,1.08,0.01,4,86,9.09,0.07
2382,廣達,345.0,10.0,2.99,26W36,09/04,4,39645,11.5,0.97,4,8276,2.39,0.2,-1,-263,-0.35,-0.01,4,47870,13.8,1.17
2413,環科,45.8,4.15,9.96,26W36,09/04,4,1222,6.74,0.96,0,0,0.0,0.0,2,9,0.1,0.01,4,1234,6.81,0.97
2480,敦陽科,156.0,0.5,0.32,26W36,09/04,4,850,25.2,0.8,2,11,0.8,0.01,-1,-4,-0.57,0.0,4,863,25.6,0.81
2509,全坤建,14.95,0.0,0.0,26W36,09/04,4,448,13.4,0.2,0,0,0.0,0.0,1,10,1.26,0.0,4,481,14.3,0.21
2515,中工,12.15,0.2,1.67,26W36,09/04,4,10261,9.41,0.64,0,0,0.0,0.0,-1,-87,-0.32,-0.01,4,10166,9.32,0.63
2524,京城,34.7,0.7,2.06,26W36,09/04,4,292,22.9,0.08,0,0,0.0,0.0,0,0,0.0,0.0,4,300,23.6,0.08
2545,皇翔,34.85,0.2,0.58,26W36,09/04,4,1019,18.3,0.27,0,0,0.0,0.0,1,11,1.01,0.0,4,1116,20.1,0.29
2616,山隆,13.45,0.0,0.0,26W36,09/04,4,162,9.43,0.12,0,0,0.0,0.0,3,4,0.35,0.0,4,165,9.59,0.12
2729,瓦城,156.0,0.5,0.32,26W36,09/04,4,62,14.8,0.14,0,0,0.0,0.0,1,1,1.23,0.0,4,63,15.0,0.15
2739,寒舍,38.0,0.1,0.26,26W36,09/04,4,575,21.1,0.63,0,0,0.0,0.0,-3,-10,-0.47,-0.01,4,565,20.7,0.62
2756,聯發國際,62.2,-0.7,-1.11,26W36,09/04,4,34,6.26,0.14,0,0,0.0,0.0,3,1,0.14,0.0,4,34,6.31,0.14
2889,國票金,16.6,0.15,0.91,26W36,09/04,4,72297,24.7,1.99,0,0,0.0,0.0,2,254,0.11,0.01,4,70612,24.1,1.94
2892,第一金,37.3,0.45,1.22,26W36,09/04,4,239843,28.9,1.67,1,4899,2.1,0.03,-1,-328,-0.14,0.0,4,266316,32.1,1.85
2905,三商,18.15,-0.05,-0.27,26W36,09/04,4,4429,14.0,0.4,0,0,0.0,0.0,-1,-86,-1.0,-0.01,4,4460,14.1,0.4
3002,歐格,17.15,0.2,1.18,26W36,09/04,4,271,12.5,0.27,0,0,0.0,0.0,3,3,0.19,0.0,4,273,12.6,0.27
3023,信邦,340.0,15.0,4.62,26W36,09/04,4,5255,27.0,2.19,-4,-459,-2.36,-0.19,-2,-82,-0.82,-0.03,6,5124,13.3,2.13
3050,鈺德,11.5,0.2,1.77,26W36,09/04,4,866,8.94,0.56,0,0,0.0,0.0,1,65,3.35,0.04,4,950,9.81,0.61
3147,大綜,223.5,8.5,3.95,26W36,09/04,4,578,6.82,1.32,0,0,0.0,0.0,-5,-160,-1.03,-0.37,4,466,5.49,1.07
3272,東碩,14.6,0.4,2.82,26W36,09/04,4,82,4.48,0.13,0,0,0.0,0.0,2,66,8.97,0.11,4,148,8.08,0.24
3349,寶德,22.45,-0.05,-0.22,26W36,09/04,4,203,6.52,0.42,0,0,0.0,0.0,1,0,0.0,0.0,4,203,6.51,0.42
3512,皇龍,19.4,-0.25,-1.27,26W36,09/04,4,71,10.2,0.06,0,0,0.0,0.0,-3,-12,-2.47,-0.01,4,60,8.58,0.05
3623,富晶通,23.9,-0.1,-0.42,26W36,09/04,4,141,15.2,0.48,0,0,0.0,0.0,1,0,0.06,0.0,4,141,15.1,0.48
3653,健策,5875.0,260.0,4.63,26W36,09/04,4,1993,6.65,1.36,-2,-202,-1.48,-0.14,-1,-7,-0.13,-0.01,3,2439,10.0,1.66
3679,新至陞,105.5,-2.5,-2.31,26W36,09/04,4,99,10.4,0.16,1,1,0.32,0.0,-2,-5,-1.05,-0.01,4,96,10.1,0.15
4108,懷特,11.4,0.05,0.44,26W36,09/04,4,148,1.85,0.07,0,0,0.0,0.0,-1,-2,-0.12,0.0,4,153,1.92,0.08
4737,華廣,58.6,0.9,1.56,26W36,09/04,4,335,27.8,0.43,0,0,0.0,0.0,0,0,0.0,0.0,4,338,28.1,0.44
4924,欣厚-KY,11.95,1.05,9.63,26W36,09/04,4,37,2.96,0.1,0,0,0.0,0.0,1,1,0.18,0.0,4,32,2.53,0.09
5013,強新,29.0,0.8,2.84,26W36,09/04,4,101,3.84,0.08,0,0,0.0,0.0,1,2,1.84,0.0,4,103,3.91,0.08
5202,力新,11.8,-0.05,-0.42,26W36,09/04,4,249,9.84,0.28,0,0,0.0,0.0,6,1,0.02,0.0,4,249,9.86,0.28
5210,寶碩,28.95,0.3,1.05,26W36,09/04,4,279,11.2,0.34,0,0,0.0,0.0,0,0,0.0,0.0,4,278,11.2,0.34
5213,亞昕,20.9,0.0,0.0,26W36,09/04,4,1085,30.4,0.15,0,0,0.0,0.0,3,0,0.01,0.0,4,1085,30.4,0.15
5228,鈺鎧,41.7,2.6,6.65,26W36,09/04,4,203,3.08,0.53,0,0,0.0,0.0,-2,-8,-0.34,-0.02,4,205,3.12,0.54
5481,新華,20.2,0.0,0.0,26W36,09/04,4,358,6.7,0.5,0,0,0.0,0.0,2,2,0.05,0.0,4,360,6.72,0.5
5534,長虹,76.6,0.0,0.0,26W36,09/04,4,1987,9.89,0.63,2,518,4.24,0.16,7,744,2.57,0.24,4,2862,14.2,0.91
5607,遠雄港,56.8,-0.4,-0.7,26W36,09/04,4,6513,22.7,1.76,-1,-1,-0.01,0.0,1,46,0.57,0.01,4,6830,23.8,1.84
5903,全家,185.0,0.5,0.27,26W36,09/04,4,56,16.2,0.03,-1,-12,-13.8,-0.01,-1,0,-0.39,0.0,-1,0,-0.38,0.0
6026,福邦證,15.15,0.1,0.66,26W36,09/04,4,3522,18.8,0.89,1,15,0.31,0.0,0,0,0.0,0.0,4,3507,18.7,0.89
6111,光聚晶電,37.85,0.45,1.2,26W36,09/04,4,394,13.6,0.36,0,0,0.0,0.0,1,2,0.19,0.0,4,389,13.4,0.36
6124,業強,27.15,0.5,1.88,26W36,09/04,4,78,23.3,0.04,0,0,0.0,0.0,3,1,0.45,0.0,4,79,23.5,0.04
6133,金橋,23.75,0.0,0.0,26W36,09/04,4,1864,13.1,1.59,0,0,0.0,0.0,-1,0,-0.01,0.0,4,1869,13.1,1.6
6141,柏承,52.5,0.8,1.55,26W36,09/04,4,5141,6.09,4.54,0,0,0.0,0.0,-1,-1,0.0,0.0,4,5426,6.43,4.79
6158,禾昌,17.4,0.1,0.58,26W36,09/04,4,107,9.6,0.19,0,0,0.0,0.0,-2,0,-0.01,0.0,4,107,9.59,0.19
6160,欣技,14.75,0.0,0.0,26W36,09/04,4,82,3.34,0.12,0,0,0.0,0.0,2,1,0.06,0.0,4,82,3.35,0.12
6199,天品,96.1,0.9,0.95,26W36,09/04,4,728,4.48,1.18,0,0,0.0,0.0,-9,-236,-0.72,-0.38,4,666,4.1,1.08
6494,九齊,56.0,1.0,1.82,26W36,09/04,4,119,4.5,0.38,0,0,0.0,0.0,1,1,0.14,0.0,4,116,4.4,0.37
6517,保勝光學,69.2,2.4,3.59,26W36,09/04,4,1633,8.33,5.34,0,0,0.0,0.0,1,10,0.26,0.03,4,1653,8.43,5.41
6651,全宇昕,151.0,3.0,2.03,26W36,09/04,4,470,8.82,1.36,0,0,0.0,0.0,-1,-1,-0.11,0.0,4,502,9.42,1.45
6735,美達科技,63.3,2.5,4.11,26W36,09/04,4,197,8.95,0.43,0,0,0.0,0.0,1,0,0.05,0.0,4,195,8.87,0.42
6918,愛派司,77.8,0.7,0.91,26W36,09/04,4,103,14.3,0.3,0,0,0.0,0.0,-1,-1,-0.68,0.0,4,102,14.2,0.3
7556,意德士,248.5,3.5,1.43,26W36,09/04,4,106,13.2,0.37,0,0,0.0,0.0,1,1,0.57,0.0,4,102,12.6,0.35
7631,聚賢研發-創,146.0,5.0,3.55,26W36,09/04,4,75,3.81,0.37,0,0,0.0,0.0,-2,-3,-0.63,-0.02,4,60,3.05,0.3
7703,銳澤,187.5,2.0,1.08,26W36,09/04,4,173,12.1,0.5,0,0,0.0,0.0,3,2,0.17,0.0,4,174,12.1,0.5
7711,永擎,632.0,57.0,9.91,26W36,09/04,4,1946,6.02,2.71,0,0,0.0,0.0,2,78,0.43,0.11,4,2061,6.37,2.87
7728,光焱科技,618.0,-21.0,-3.29,26W36,09/04,4,29,6.37,0.2,0,0,0.0,0.0,3,4,1.08,0.03,4,32,7.25,0.23
7734,印能科技,2890.0,180.0,6.64,26W36,09/04,4,286,5.85,1.02,-4,-1042,-21.4,-3.72,-3,-27,-0.73,-0.1,-4,-778,-15.9,-2.78
7769,鴻勁,5980.0,110.0,1.87,26W36,09/04,4,1097,8.93,0.61,-4,-1250,-10.2,-0.69,2,8,0.12,0.0,-2,-424,-6.11,-0.24
7855,和運租車,42.75,-0.05,-0.12,26W36,09/04,4,393,0.87,0.14,0,0,0.0,0.0,0,0,0.0,0.0,4,840,1.87,0.3
8110,華東,43.55,0.3,0.69,26W36,09/04,4,6402,7.6,1.24,0,0,0.0,0.0,-3,-120,-0.24,-0.02,4,6366,7.56,1.23
8163,達方,31.5,0.4,1.29,26W36,09/04,4,1446,12.2,0.52,0,0,0.0,0.0,1,6,0.22,0.0,4,1470,12.4,0.53
8213,志超,32.95,0.15,0.46,26W36,09/04,4,596,6.56,0.22,0,0,0.0,0.0,1,3,0.15,0.0,4,662,7.29,0.24
8354,冠好,17.85,0.15,0.85,26W36,09/04,4,105,2.59,0.13,0,0,0.0,0.0,-2,-1,-0.06,0.0,4,105,2.58,0.13
8404,百和興業-KY,16.2,-0.05,-0.31,26W36,09/04,4,710,15.6,0.17,0,0,0.0,0.0,4,29,0.64,0.01,4,739,16.3,0.18
8429,金麗-KY,6.04,0.04,0.67,26W36,09/04,4,389,18.6,0.21,0,0,0.0,0.0,2,4,0.44,0.0,4,395,18.9,0.21
910322,康師傅-DR,25.0,-0.2,-0.79,26W36,09/04,4,1076,82.3,5.18,0,0,0.0,0.0,0,0,0.0,0.0,4,1076,82.3,5.18
9902,台火,13.65,0.05,0.37,26W36,09/04,4,165,10.1,0.17,0,0,0.0,0.0,-1,-3,-1.02,0.0,4,183,11.2,0.19
9907,統一實,15.25,-0.1,-0.65,26W36,09/04,4,13144,35.8,0.83,-16,-38467,-12.1,-2.44,-1,-17,-0.2,0.0,4,13060,35.6,0.83
00706L,期元大S&P日圓正2,19.59,0.3,1.56,26W36,09/04,3,223,1.73,0.17,0,0,0.0,0.0,1,2586,30.1,1.98,1,2785,32.4,2.13
00713,元大台灣高息低波,63.45,0.35,0.55,26W36,09/04,3,4718,6.04,0.28,3,5260,6.74,0.31,3,24840,31.8,1.47,3,34818,44.6,2.06
00720B,元大投資級公司債,31.82,0.03,0.09,26W36,09/04,3,5860,8.97,0.15,0,0,0.0,0.0,44,492987,31.4,12.2,6,49212,33.6,1.22
00725B,國泰投資級公司債,33.92,0.04,0.12,26W36,09/04,3,8827,21.8,0.24,0,0,0.0,0.0,1,3498,23.5,0.09,2,10700,38.3,0.29
00772B,中信高評級公司債,32.39,0.03,0.09,26W36,09/04,3,2066,8.39,0.06,-1,-150,-2.18,0.0,1,1281,18.6,0.04,2,2365,18.7,0.07
00842B,台新美元銀行債,29.26,0.04,0.14,26W36,09/04,3,92,2.33,0.44,0,0,0.0,0.0,-10,-5142,-35.1,-24.8,-10,-5454,-37.2,-26.3
00881,國泰台灣科技龍頭,50.35,0.55,1.1,26W36,09/04,3,23686,4.33,0.8,0,0,0.0,0.0,-6,-528671,-48.6,-17.8,1,6025,5.47,0.2
00882,中信中國高股息,15.09,0.13,0.87,26W36,09/04,3,3846,7.58,0.19,0,0,0.0,0.0,3,9002,17.7,0.46,3,12848,25.3,0.65
00913,兆豐台灣晶圓製造,47.6,0.88,1.88,26W36,09/04,3,1391,7.38,2.35,0,0,0.0,0.0,2,727,5.99,1.23,2,1325,10.9,2.24
00933B,國泰10Y+金融債,15.53,0.02,0.13,26W36,09/04,3,1232,1.01,0.02,0,0,0.0,0.0,-1,-1915,-5.14,-0.03,-1,-1751,-4.7,-0.03
00936,台新永續高息中小,21.42,0.15,0.71,26W36,09/04,3,997,8.51,0.52,0,0,0.0,0.0,82,673217,49.6,349.0,82,852462,62.8,442.0
00942B,台新美A公司債20+,13.73,0.0,0.0,26W36,09/04,3,935,6.38,0.05,0,0,0.0,0.0,5,3993,15.9,0.2,3,3188,21.8,0.16
009808,華南永昌優選50,31.28,0.51,1.66,26W36,09/04,3,301,11.9,0.76,0,0,0.0,0.0,2,827,47.3,2.09,5,1556,25.4,3.94
1102,亞泥,35.1,-0.1,-0.28,26W36,09/04,3,42124,28.6,1.19,1,5869,15.4,0.17,-5,-6063,-2.39,-0.17,3,43486,29.5,1.23
1220,台榮,10.7,0.0,0.0,26W36,09/04,3,107,6.67,0.06,0,0,0.0,0.0,3,2,0.15,0.0,3,109,6.82,0.06
1232,大統益,157.0,1.5,0.96,26W36,09/04,3,376,21.3,0.24,0,0,0.0,0.0,1,1,0.18,0.0,3,377,21.3,0.24
1236,宏亞,26.15,0.1,0.38,26W36,09/04,3,99,8.29,0.11,0,0,0.0,0.0,0,0,0.0,0.0,3,101,8.46,0.12
1295,生合,45.35,0.0,0.0,26W36,09/04,3,40,6.37,0.11,0,0,0.0,0.0,-3,-46,-7.32,-0.12,-1,-4,-4.51,-0.01
1314,中石化,8.12,0.0,0.0,26W36,09/04,3,33752,9.88,0.89,0,0,0.0,0.0,-1,-581,-0.49,-0.02,3,34330,10.0,0.91
1325,恆大,25.5,0.1,0.39,26W36,09/04,3,375,16.5,0.44,0,0,0.0,0.0,2,4,0.28,0.0,3,379,16.7,0.44
1442,名軒,30.0,0.5,1.69,26W36,09/04,3,614,27.2,0.17,0,0,0.0,0.0,4,107,3.38,0.03,5,728,16.8,0.2
1449,佳和,12.25,0.1,0.82,26W36,09/04,3,689,16.0,0.54,0,0,0.0,0.0,1,1,0.04,0.0,3,664,15.4,0.52
1464,得力,10.1,0.05,0.5,26W36,09/04,3,703,18.6,0.17,0,0,0.0,0.0,-2,-54,-2.08,-0.01,3,649,17.2,0.15
1532,勤美,23.0,-0.05,-0.22,26W36,09/04,3,700,14.8,0.17,0,0,0.0,0.0,-3,-83,-1.76,-0.02,3,616,13.0,0.15
1568,倉佑,29.45,0.75,2.61,26W36,09/04,3,325,11.4,0.31,0,0,0.0,0.0,-2,-13,-0.79,-0.01,3,321,11.3,0.31
1604,聲寶,23.5,0.05,0.21,26W36,09/04,3,299,10.4,0.08,0,0,0.0,0.0,-2,-50,-2.51,-0.01,1,11,0.8,0.0
1702,南僑,32.6,0.15,0.46,26W36,09/04,3,473,20.8,0.16,0,0,0.0,0.0,-1,-7,-0.98,0.0,3,478,21.1,0.16
1711,永光,42.3,0.75,1.81,26W36,09/04,3,6827,7.61,1.25,0,0,0.0,0.0,-1,-49,-0.23,-0.01,3,7009,7.81,1.28
1752,南光,31.85,0.4,1.27,26W36,09/04,3,53,8.39,0.05,0,0,0.0,0.0,1,1,0.62,0.0,7,138,8.72,0.14
1809,中釉,37.75,0.65,1.75,26W36,09/04,3,618,3.69,0.37,0,0,0.0,0.0,3,9,0.05,0.01,3,628,3.75,0.38
2013,中鋼構,41.75,0.05,0.12,26W36,09/04,3,176,18.5,0.09,0,0,0.0,0.0,-2,-10,-1.59,0.0,4,184,12.0,0.09
2015,豐興,64.9,0.5,0.78,26W36,09/04,3,550,21.5,0.09,-1,-120,-14.5,-0.02,0,0,0.0,0.0,3,435,17.0,0.07
2020,美亞,21.85,0.05,0.23,26W36,09/04,3,725,18.0,0.27,0,0,0.0,0.0,1,1,0.07,0.0,3,705,17.5,0.26
2062,橋椿,19.4,0.15,0.78,26W36,09/04,3,168,8.68,0.08,0,0,0.0,0.0,-2,-5,-0.35,0.0,3,167,8.65,0.08
2070,精湛,63.0,-2.3,-3.52,26W36,09/04,3,444,6.96,1.06,0,0,0.0,0.0,-2,-8,-0.27,-0.02,3,436,6.85,1.04
2247,汎德永業,231.5,2.0,0.87,26W36,09/04,3,157,32.8,0.19,-1,-1,-0.52,0.0,1,1,0.63,0.0,3,157,32.6,0.19
2380,虹光,18.2,0.0,0.0,26W36,09/04,3,130,9.29,0.22,0,0,0.0,0.0,3,8,0.57,0.01,3,138,9.86,0.23
2425,承啟,37.9,1.55,4.26,26W36,09/04,3,1660,7.4,1.72,-5,-10,-0.01,-0.01,5,82,0.07,0.08,3,1722,7.68,1.78
2426,鼎元,104.5,9.5,10.0,26W36,09/04,3,19962,2.41,6.64,0,0,0.0,0.0,4,599,0.07,0.2,3,20461,2.47,6.81
2433,互盛電,41.6,0.05,0.12,26W36,09/04,3,28,9.25,0.02,0,0,0.0,0.0,1,1,0.88,0.0,3,25,8.36,0.02
2444,兆勁,10.8,0.0,0.0,26W36,09/04,3,158,7.64,0.16,0,0,0.0,0.0,-1,-1,-0.11,0.0,3,161,7.79,0.16
2482,連宇,16.1,0.2,1.26,26W36,09/04,3,161,10.3,0.21,0,0,0.0,0.0,2,2,0.25,0.0,3,163,10.4,0.21
2511,太子,8.43,0.09,1.08,26W36,09/04,3,741,7.52,0.05,0,0,0.0,0.0,-1,-17,-0.43,0.0,3,920,9.34,0.06
2537,聯上發,11.65,0.0,0.0,26W36,09/04,3,3896,24.7,1.3,0,0,0.0,0.0,2,7,0.1,0.0,3,3877,24.6,1.29
2543,皇昌,38.45,0.1,0.26,26W36,09/04,3,1713,16.5,0.32,-1,-2,-0.05,0.0,-2,-41,-0.61,-0.01,3,1688,16.3,0.32
2596,綠意,35.55,-0.5,-1.39,26W36,09/04,3,109,8.38,0.11,0,0,0.0,0.0,-1,0,-0.07,0.0,3,108,8.33,0.11
2607,榮運,53.5,0.1,0.19,26W36,09/04,3,1149,12.7,0.22,0,0,0.0,0.0,1,7,0.28,0.0,3,1152,12.8,0.22
2612,中航,63.3,0.0,0.0,26W36,09/04,3,3932,13.1,1.99,0,0,0.0,0.0,-2,-28,-0.13,-0.01,3,3916,13.0,1.98
2617,台航,32.45,0.15,0.46,26W36,09/04,3,7756,19.1,1.86,0,0,0.0,0.0,1,49,0.45,0.01,3,7767,19.1,1.86
2618,長榮航,42.5,-0.3,-0.7,26W36,09/04,3,68113,19.5,1.26,2,11145,5.45,0.21,-5,-9011,-1.24,-0.17,3,74892,21.5,1.39
2723,美食-KY,82.5,-0.3,-0.36,26W36,09/04,3,1916,14.5,1.06,0,0,0.0,0.0,1,12,0.35,0.01,3,1933,14.7,1.07
2801,彰銀,26.6,0.0,0.0,26W36,09/04,3,32161,11.0,0.27,1,10907,7.04,0.09,-1,-15,-0.01,0.0,3,42371,14.4,0.35
2812,台中銀,19.35,-0.1,-0.51,26W36,09/04,3,68388,33.9,1.06,-4,-6533,-2.53,-0.1,2,220,0.14,0.0,3,62038,30.8,0.97
2816,旺旺保,40.0,0.45,1.14,26W36,09/04,3,2109,14.5,0.94,0,0,0.0,0.0,2,70,0.69,0.03,3,2134,14.6,0.95
2820,華票,17.1,0.05,0.29,26W36,09/04,3,7056,19.5,0.53,0,0,0.0,0.0,1,152,0.94,0.01,3,7055,19.5,0.53
2836,高雄銀,12.25,0.0,0.0,26W36,09/04,3,4457,20.4,0.24,0,0,0.0,0.0,-2,-110,-0.75,-0.01,3,4384,20.1,0.24
2880,華南金,44.0,0.55,1.27,26W36,09/04,3,85356,25.0,0.61,-2,-17598,-8.47,-0.13,-5,-23950,-3.56,-0.17,3,77652,22.8,0.55
2886,兆豐金,49.55,-0.85,-1.69,26W36,09/04,3,232194,46.4,1.57,1,2760,1.64,0.02,-4,-19372,-2.73,-0.13,4,253913,35.8,1.71
2897,王道銀行,10.85,-0.05,-0.46,26W36,09/04,3,31596,39.2,1.13,1,3028,6.32,0.11,1,222,0.46,0.01,3,34708,43.0,1.24
2904,匯僑,12.75,-0.05,-0.39,26W36,09/04,3,45,7.0,0.06,0,0,0.0,0.0,2,3,0.77,0.0,3,46,7.16,0.06
2906,高林,13.85,0.05,0.36,26W36,09/04,3,510,15.9,0.24,0,0,0.0,0.0,1,20,4.14,0.01,4,563,14.7,0.27
2947,振宇五金,61.7,0.2,0.33,26W36,09/04,3,8,3.57,0.03,0,0,0.0,0.0,0,0,0.0,0.0,3,8,3.57,0.03
3045,台灣大,118.0,0.0,0.0,26W36,09/04,3,83534,47.7,2.24,3,4464,2.55,0.12,-3,-3059,-1.75,-0.08,3,84939,48.5,2.28
3164,景岳,15.9,0.0,0.0,26W36,09/04,3,19,5.53,0.02,0,0,0.0,0.0,0,0,0.0,0.0,3,19,5.53,0.02
3218,大學光,138.5,0.5,0.36,26W36,09/04,3,556,17.6,0.66,-5,-21,-0.31,-0.03,-2,-5,-0.23,-0.01,3,539,17.1,0.64
3287,廣寰科,36.6,0.0,0.0,26W36,09/04,3,374,5.31,0.85,0,0,0.0,0.0,1,1,0.09,0.0,3,375,5.32,0.85
3289,宜特,140.0,2.0,1.45,26W36,09/04,3,672,8.03,0.77,0,0,0.0,0.0,2,17,0.28,0.02,3,649,7.75,0.75
3293,鈊象,709.0,6.0,0.85,26W36,09/04,3,4017,5.99,1.43,-3,-13967,-20.8,-4.96,-4,-183,-0.24,-0.07,-3,-10095,-15.1,-3.58
3325,旭品,11.2,0.05,0.45,26W36,09/04,3,99,6.73,0.09,0,0,0.0,0.0,2,1,0.08,0.0,3,99,6.74,0.09
3516,亞帝歐,26.5,0.35,1.34,26W36,09/04,3,53,2.17,0.09,0,0,0.0,0.0,-2,-3,-0.15,-0.01,3,51,2.07,0.08
3545,敦泰,50.7,0.3,0.6,26W36,09/04,3,915,8.0,0.41,0,0,0.0,0.0,-1,-37,-0.67,-0.02,3,950,8.3,0.43
3555,博士旺,193.5,8.0,4.31,26W36,09/04,3,50,2.48,0.12,0,0,0.0,0.0,3,61,3.02,0.15,3,111,5.5,0.28
3685,元創精密,36.9,0.7,1.93,26W36,09/04,3,420,4.55,0.53,0,0,0.0,0.0,2,3,0.05,0.0,3,422,4.57,0.53
3705,永信,56.1,0.2,0.36,26W36,09/04,3,325,13.4,0.12,0,0,0.0,0.0,0,0,0.0,0.0,4,328,9.94,0.12
4116,明基醫,40.25,-0.2,-0.49,26W36,09/04,3,59,13.0,0.13,0,0,0.0,0.0,1,0,0.0,0.0,3,59,13.0,0.13
4166,友霖,25.2,0.45,1.82,26W36,09/04,3,200,18.0,0.08,0,0,0.0,0.0,0,0,0.0,0.0,3,200,18.0,0.08
4205,中華食,69.8,0.1,0.14,26W36,09/04,3,17,5.69,0.02,0,0,0.0,0.0,-1,0,-0.02,0.0,3,17,5.56,0.02
4523,永彰,23.7,-0.1,-0.42,26W36,09/04,3,69,10.5,0.11,0,0,0.0,0.0,1,0,0.06,0.0,3,70,10.6,0.11
4554,橙的,29.3,0.1,0.34,26W36,09/04,3,56,5.57,0.18,0,0,0.0,0.0,-3,-1,-0.14,0.0,3,55,5.43,0.18
4558,寶緯,17.4,0.1,0.58,26W36,09/04,3,50,5.14,0.1,0,0,0.0,0.0,3,4,0.36,0.01,3,54,5.5,0.11
4722,國精化,200.5,5.0,2.56,26W36,09/04,3,625,6.03,0.61,-1,-1,-0.04,0.0,-4,-177,-1.09,-0.17,3,545,5.26,0.53
4904,遠傳,104.0,0.5,0.48,26W36,09/04,3,21172,25.9,0.59,-3,-3626,-4.43,-0.1,-2,-977,-1.74,-0.03,8,94169,24.8,2.61
4939,亞電,87.9,6.4,7.85,26W36,09/04,3,10635,3.44,10.8,0,0,0.0,0.0,-2,-271,-0.11,-0.28,-1,-220,-0.45,-0.22
4960,誠美材,21.1,0.3,1.44,26W36,09/04,3,3493,10.1,0.61,0,0,0.0,0.0,-3,-95,-0.27,-0.02,3,3398,9.87,0.59
5212,凌網,46.4,0.0,0.0,26W36,09/04,3,13,12.8,0.04,0,0,0.0,0.0,0,0,0.0,0.0,3,13,12.8,0.04
5245,智晶,22.85,0.0,0.0,26W36,09/04,3,41,11.4,0.09,0,0,0.0,0.0,0,0,0.0,0.0,3,40,11.1,0.09
5263,智崴,103.0,4.7,4.78,26W36,09/04,3,340,7.36,0.43,0,0,0.0,0.0,1,6,0.36,0.01,3,392,8.47,0.5
5269,祥碩,1430.0,-10.0,-0.69,26W36,09/04,3,288,4.1,0.39,2,97,2.2,0.13,-2,-60,-1.35,-0.08,12,4771,9.95,6.43
5288,豐祥-KY,189.0,2.0,1.07,26W36,09/04,3,220,18.6,0.32,-1,-118,-21.4,-0.17,-3,-10,-0.82,-0.01,-1,-3,-0.61,0.0
5315,光聯,18.75,0.0,0.0,26W36,09/04,3,268,8.82,0.25,0,0,0.0,0.0,-2,-1,-0.03,0.0,3,268,8.8,0.25
5403,中菲,93.8,0.5,0.54,26W36,09/04,3,271,48.9,0.35,0,0,0.0,0.0,0,0,0.0,0.0,3,271,48.9,0.35
5426,振發,28.8,0.6,2.13,26W36,09/04,3,1082,7.17,0.75,0,0,0.0,0.0,3,19,0.12,0.01,3,1100,7.29,0.77
5438,東友,16.65,0.05,0.3,26W36,09/04,3,40,6.8,0.04,0,0,0.0,0.0,-3,-1,-0.11,0.0,6,99,4.86,0.09
5460,同協,16.25,0.2,1.25,26W36,09/04,3,35,4.96,0.06,0,0,0.0,0.0,4,1,0.07,0.0,3,35,5.03,0.06
5546,永固-KY,14.8,0.0,0.0,26W36,09/04,3,43,5.11,0.05,0,0,0.0,0.0,-1,-1,-0.42,0.0,3,46,5.47,0.06
5704,老爺知,23.2,-0.2,-0.85,26W36,09/04,3,21,1.95,0.04,0,0,0.0,0.0,1,0,0.19,0.0,3,21,1.97,0.04
6021,美好證,40.25,0.9,2.29,26W36,09/04,3,374,18.6,0.12,0,0,0.0,0.0,0,0,0.0,0.0,3,374,18.6,0.12
6118,建達,15.2,0.05,0.33,26W36,09/04,3,115,9.08,0.13,0,0,0.0,0.0,4,1,0.05,0.0,3,116,9.15,0.13
6148,驊宏資,28.65,0.9,3.24,26W36,09/04,3,270,18.7,0.58,0,0,0.0,0.0,-3,0,-0.03,0.0,3,270,18.6,0.58
6170,統振,48.45,0.45,0.94,26W36,09/04,3,281,13.4,0.29,0,0,0.0,0.0,-3,-131,-6.27,-0.14,2,230,15.1,0.24
6173,信昌電,260.5,19.5,8.09,26W36,09/04,3,3659,1.51,2.14,1,80,0.09,0.05,-1,-266,-0.29,-0.16,2,2662,1.88,1.55
6177,達麗,49.2,0.45,0.92,26W36,09/04,3,5847,16.9,1.24,2,824,5.46,0.17,-1,-112,-1.33,-0.02,3,6989,20.3,1.48
6210,慶生,17.75,-0.05,-0.28,26W36,09/04,3,3,2.99,0.01,0,0,0.0,0.0,-3,-1,-0.85,0.0,4,3,1.74,0.01
6214,精誠,185.5,2.5,1.37,26W36,09/04,3,2971,4.73,1.09,1,382,4.96,0.14,-2,-90,-0.53,-0.03,3,6985,11.1,2.57
6221,晉泰,21.45,-0.05,-0.23,26W36,09/04,3,88,5.89,0.05,0,0,0.0,0.0,-1,0,0.0,0.0,3,88,5.91,0.05
6222,立軒,20.0,-0.05,-0.25,26W36,09/04,3,9,5.37,0.01,0,0,0.0,0.0,0,0,0.0,0.0,3,8,5.05,0.01
6229,研通,23.65,0.05,0.21,26W36,09/04,3,24,3.74,0.06,0,0,0.0,0.0,1,0,0.06,0.0,2,23,5.69,0.06
6416,瑞祺電通,100.5,5.0,5.24,26W36,09/04,3,594,6.67,0.81,0,0,0.0,0.0,4,64,0.51,0.09,3,616,6.91,0.84
6418,詠昇,33.25,-0.3,-0.89,26W36,09/04,3,140,3.63,0.41,0,0,0.0,0.0,-1,-2,-0.17,-0.01,3,138,3.58,0.4
6462,神盾,101.5,3.2,3.26,26W36,09/04,3,801,14.1,0.88,0,0,0.0,0.0,-3,-30,-0.52,-0.03,3,771,13.6,0.84
6470,宇智,41.8,0.05,0.12,26W36,09/04,3,128,25.9,0.34,0,0,0.0,0.0,-5,-26,-3.09,-0.07,3,127,25.7,0.34
6523,達爾膚,89.7,0.2,0.22,26W36,09/04,3,52,16.4,0.12,0,0,0.0,0.0,2,1,0.28,0.0,3,51,16.3,0.11
6552,易華電,24.25,0.0,0.0,26W36,09/04,3,184,16.3,0.22,0,0,0.0,0.0,-1,-7,-1.68,-0.01,3,186,16.5,0.22
6561,是方,322.0,-0.5,-0.16,26W36,09/04,3,68,13.8,0.09,2,9,2.6,0.01,-1,-1,-0.58,0.0,3,76,15.3,0.1
6593,台灣銘板,31.55,-0.2,-0.63,26W36,09/04,3,141,17.5,0.44,0,0,0.0,0.0,0,0,0.0,0.0,3,141,17.5,0.44
6670,復盛應用,275.5,0.5,0.18,26W36,09/04,3,781,22.8,0.56,2,199,7.13,0.14,-1,-43,-2.66,-0.03,3,951,27.7,0.68
6689,伊雲谷,61.0,0.2,0.33,26W36,09/04,3,92,7.34,0.13,0,0,0.0,0.0,-3,-17,-1.36,-0.02,3,75,5.98,0.11
6698,旭暉應材,31.5,0.1,0.32,26W36,09/04,3,186,9.69,0.28,0,0,0.0,0.0,2,2,0.15,0.0,3,188,9.79,0.28
6733,博晟生醫,26.7,0.2,0.75,26W36,09/04,3,67,4.53,0.05,0,0,0.0,0.0,2,0,0.04,0.0,3,67,4.55,0.05
6761,穩得,183.0,1.5,0.83,26W36,09/04,3,412,5.73,1.18,0,0,0.0,0.0,-1,-11,-0.58,-0.03,3,416,5.78,1.19
6821,聯寶,42.4,1.0,2.42,26W36,09/04,3,197,12.3,0.55,0,0,0.0,0.0,-4,-16,-0.7,-0.04,3,181,11.3,0.51
6861,睿生光電,183.0,4.5,2.52,26W36,09/04,3,615,13.9,1.48,0,0,0.0,0.0,-1,-6,-0.43,-0.01,3,654,14.8,1.57
6925,意藍,50.0,0.0,0.0,26W36,09/04,3,46,15.3,0.23,0,0,0.0,0.0,0,0,0.0,0.0,3,46,15.3,0.23
6936,永鴻生技,32.8,0.0,0.0,26W36,09/04,3,11,3.03,0.02,0,0,0.0,0.0,0,0,0.0,0.0,3,13,3.58,0.02
6986,和迅,41.8,0.3,0.72,26W36,09/04,3,75,10.2,0.14,0,0,0.0,0.0,0,0,0.0,0.0,2,57,11.2,0.11
7705,三商餐飲,29.85,0.05,0.17,26W36,09/04,3,72,8.92,0.11,0,0,0.0,0.0,0,0,0.0,0.0,3,79,9.79,0.12
7723,築間,18.95,0.15,0.8,26W36,09/04,3,59,6.4,0.12,0,0,0.0,0.0,0,0,0.0,0.0,3,59,6.4,0.12
7744,崴寶,545.0,24.0,4.61,26W36,09/04,3,520,23.5,1.62,0,0,0.0,0.0,-1,-9,-1.21,-0.03,3,526,23.7,1.64
8045,達運光電,50.2,-0.2,-0.4,26W36,09/04,3,275,11.7,0.29,0,0,0.0,0.0,-1,0,-0.01,0.0,3,276,11.7,0.29
8068,全達,16.85,0.0,0.0,26W36,09/04,3,69,6.3,0.09,0,0,0.0,0.0,-1,0,-0.06,0.0,3,69,6.32,0.09
8071,能率網通,23.25,0.25,1.09,26W36,09/04,3,714,8.31,1.19,0,0,0.0,0.0,-1,0,-0.01,0.0,3,714,8.32,1.19
8097,常珵,49.0,0.2,0.41,26W36,09/04,3,110,5.28,0.17,0,0,0.0,0.0,-4,-19,-0.71,-0.03,3,96,4.64,0.15
8289,泰藝,44.5,0.3,0.68,26W36,09/04,3,644,10.6,0.94,0,0,0.0,0.0,5,40,0.3,0.06,3,667,11.0,0.98
8435,鉅邁,53.4,0.0,0.0,26W36,09/04,3,25,9.3,0.07,0,0,0.0,0.0,-4,-1,-0.19,0.0,3,24,9.09,0.07
8440,綠電,20.2,0.15,0.75,26W36,09/04,3,139,16.0,0.28,0,0,0.0,0.0,1,1,0.3,0.0,3,139,16.0,0.28
8446,華研,85.7,0.1,0.12,26W36,09/04,3,115,18.6,0.22,0,0,0.0,0.0,1,0,0.07,0.0,3,115,18.6,0.22
8476,台境*,19.3,0.1,0.52,26W36,09/04,3,676,17.9,0.41,-5,-16,-0.22,-0.01,4,6,0.11,0.0,3,674,17.9,0.41
8489,三貝德,22.1,0.2,0.91,26W36,09/04,3,45,9.29,0.08,0,0,0.0,0.0,2,3,0.73,0.0,6,61,5.7,0.1
8917,欣泰,52.5,0.0,0.0,26W36,09/04,3,13,12.5,0.01,0,0,0.0,0.0,0,0,0.0,0.0,3,13,12.5,0.01
8924,大田,51.3,1.0,1.99,26W36,09/04,3,79,8.76,0.09,1,26,6.89,0.03,1,2,0.43,0.0,4,105,8.19,0.13
8927,北基,19.55,0.05,0.26,26W36,09/04,3,223,15.2,0.05,0,0,0.0,0.0,-1,0,-0.06,0.0,3,222,15.2,0.05
8929,富堡,13.1,0.0,0.0,26W36,09/04,3,25,15.5,0.05,0,0,0.0,0.0,-1,0,-0.02,0.0,3,26,15.9,0.05
8931,大汽電,41.0,0.05,0.12,26W36,09/04,3,60,13.0,0.05,0,0,0.0,0.0,1,1,0.34,0.0,3,57,12.3,0.05
9912,偉聯,12.95,0.35,2.78,26W36,09/04,3,57,1.54,0.11,0,0,0.0,0.0,-2,0,-0.02,0.0,3,58,1.55,0.11
00406A,主動中信台灣收益,9.57,0.11,1.16,26W36,09/04,2,39450,1.73,1.1,0,0,0.0,0.0,-3,-1656262,-53.7,-46.1,-3,-1617202,-52.4,-45.0
00408A,主動第一金優股息,10.53,0.18,1.74,26W36,09/04,2,8,0.04,0.01,0,0,0.0,0.0,5,27174,45.0,18.4,5,27090,44.9,18.3
0050,元大台灣50,107.9,1.7,1.6,26W36,09/04,2,30625,4.42,0.14,-1,-2223,-0.65,-0.01,2,60308,8.71,0.27,2,94071,13.6,0.43
0056,元大高股息,55.4,0.9,1.65,26W36,09/04,2,26053,8.93,0.19,0,0,0.0,0.0,2,90219,30.9,0.64,2,116722,40.0,0.83
00642U,期元大S&P石油,30.27,0.32,1.07,26W36,09/04,2,270,1.09,0.4,0,0,0.0,0.0,4,19523,42.4,29.0,4,19620,42.6,29.1
00662,富邦NASDAQ,120.55,2.1,1.77,26W36,09/04,2,349,1.29,0.04,8,1393,0.97,0.15,-23,-168751,-31.8,-18.5,-23,-160466,-30.3,-17.6
00663L,國泰臺灣加權正2,106.25,3.95,3.86,26W36,09/04,2,1714,3.0,1.14,0,0,0.0,0.0,5,25440,16.3,16.9,2,9754,17.1,6.5
00674R,期元大S&P黃金反1,27.36,-0.26,-0.94,26W36,09/04,2,31,1.17,0.21,0,0,0.0,0.0,2,645,24.3,4.47,2,676,25.5,4.69
00675L,富邦臺灣加權正2,322.05,12.05,3.89,26W36,09/04,2,105,1.01,0.1,0,0,0.0,0.0,5,6021,18.8,5.51,5,6228,19.5,5.7
00678,群益那斯達克生技,44.65,0.25,0.56,26W36,09/04,2,377,7.42,4.46,0,0,0.0,0.0,-4,-461,-5.12,-5.46,-1,-70,-3.07,-0.83
00687B,國泰20年美債,27.12,0.01,0.04,26W36,09/04,2,16402,12.2,0.38,0,0,0.0,0.0,-1,-7661,-10.7,-0.18,8,220008,30.3,5.16
00696B,富邦美債20年,28.09,0.02,0.07,26W36,09/04,2,5407,24.7,0.87,0,0,0.0,0.0,-2,-4225,-19.3,-0.68,3,1868,6.15,0.3
00700,富邦恒生國企,17.55,0.38,2.21,26W36,09/04,2,493,34.3,1.54,0,0,0.0,0.0,3,358,16.5,1.12,10,3995,22.0,12.5
00731,復華富時高息低波,98.4,1.25,1.29,26W36,09/04,2,325,5.09,1.62,0,0,0.0,0.0,1,65,2.11,0.32,82,50358,16.6,251.0
00753L,中信中國50正2,9.48,0.35,3.83,26W36,09/04,2,8886,11.4,1.33,0,0,0.0,0.0,-2,-11954,-15.4,-1.8,1,168,0.41,0.03
00763U,期街口道瓊銅,34.8,0.43,1.25,26W36,09/04,2,367,9.41,0.89,0,0,0.0,0.0,-3,-1140,-18.3,-2.78,1,31,1.9,0.08
00764B,群益25年美債,27.02,0.01,0.04,26W36,09/04,2,733,0.94,0.05,0,0,0.0,0.0,-1,-1968,-5.77,-0.13,-1,-1331,-3.9,-0.09
00795B,中信美國公債20年,25.9,0.02,0.08,26W36,09/04,2,4470,9.44,0.29,0,0,0.0,0.0,-1,-2045,-7.33,-0.13,2,4380,9.24,0.29
00848B,中信新興亞洲債,33.33,0.03,0.09,26W36,09/04,2,22,0.69,0.02,0,0,0.0,0.0,-2,-23,-0.72,-0.02,1,4,0.33,0.0
00853B,統一美債10年Aa-A,26.67,0.02,0.08,26W36,09/04,2,43,0.41,0.02,0,0,0.0,0.0,5,240,0.91,0.13,2,95,0.9,0.05
00857B,永豐20年美公債,22.53,0.02,0.09,26W36,09/04,2,1133,15.5,0.19,0,0,0.0,0.0,6,11821,34.1,1.97,43,222153,46.4,36.9
00862B,中信投資級公司債,30.61,0.03,0.1,26W36,09/04,2,114,3.28,0.01,0,0,0.0,0.0,1,66,4.83,0.01,1,164,12.0,0.02
00876,元大全球5G,85.0,1.3,1.55,26W36,09/04,2,359,17.1,0.38,0,0,0.0,0.0,-3,-1093,-33.3,-1.16,1,118,17.6,0.12
00877,復華中國5G,36.28,0.17,0.47,26W36,09/04,2,177,0.71,0.11,0,0,0.0,0.0,-6,-11305,-9.96,-6.86,-6,-10419,-9.18,-6.32
00878,國泰永續高股息,34.11,0.53,1.58,26W36,09/04,2,81998,21.2,0.44,0,0,0.0,0.0,2,81853,21.2,0.43,2,163650,42.3,0.87
00885,富邦越南,18.83,0.3,1.62,26W36,09/04,2,8060,31.6,1.34,0,0,0.0,0.0,2,5341,20.9,0.89,2,13401,52.5,2.24
00888,永豐台灣ESG,33.7,0.65,1.97,26W36,09/04,2,3599,6.58,0.55,0,0,0.0,0.0,4,24573,20.6,3.74,5,36475,23.1,5.56
00891,中信關鍵半導體,34.96,0.58,1.69,26W36,09/04,2,11416,9.53,0.59,0,0,0.0,0.0,1,2455,3.51,0.13,1,13708,19.6,0.71
00894,中信小資高價30,47.42,0.82,1.76,26W36,09/04,2,1353,12.3,0.91,0,0,0.0,0.0,-1,-414,-6.38,-0.28,2,977,8.87,0.66
00909,國泰數位支付服務,48.66,3.8,8.47,26W36,09/04,2,3832,20.2,3.59,0,0,0.0,0.0,-1,-1520,-15.1,-1.42,2,2367,12.5,2.22
00922,國泰台灣領袖50,42.13,0.7,1.69,26W36,09/04,2,16649,17.9,0.78,0,0,0.0,0.0,-1,-3399,-6.23,-0.16,2,28426,30.6,1.33
00934,中信成長高股息,30.56,0.56,1.87,26W36,09/04,2,1673,6.0,0.39,0,0,0.0,0.0,-1,-2264,-13.5,-0.53,-1,-776,-4.64,-0.18
00935,野村臺灣新科技50,58.65,1.2,2.09,26W36,09/04,2,16801,15.5,1.89,0,0,0.0,0.0,-3,-24811,-17.9,-2.8,-1,-7388,-10.1,-0.83
00947,台新臺灣IC設計,37.43,0.74,2.02,26W36,09/04,2,2271,4.01,0.8,0,0,0.0,0.0,-1,-1142,-3.54,-0.4,2,2738,4.84,0.97
00949,復華日本龍頭,22.01,0.19,0.87,26W36,09/04,2,717,18.9,0.43,0,0,0.0,0.0,1,254,10.8,0.15,1,627,26.8,0.37
00957B,兆豐US優選投等債,12.96,0.02,0.15,26W36,09/04,2,5,0.35,0.0,0,0,0.0,0.0,3,656,18.0,0.35,3,631,17.3,0.34
00966B,統一ESG投等債15+,13.42,0.01,0.07,26W36,09/04,2,753,8.9,0.65,0,0,0.0,0.0,2,155,1.83,0.13,2,908,10.7,0.78
00968B,元大優息投等債,8.96,0.01,0.11,26W36,09/04,2,73,0.88,0.01,0,0,0.0,0.0,2,615,7.41,0.08,2,688,8.29,0.09
00980D,主動聯博投等入息,20.03,0.0,0.0,26W36,09/04,2,122,2.12,0.12,0,0,0.0,0.0,2,1620,28.1,1.59,2,1742,30.3,1.71
009810,玉山全球藍籌100,21.52,0.27,1.27,26W36,09/04,2,111,8.77,0.58,0,0,0.0,0.0,1,279,62.8,1.46,1,314,70.7,1.64
009811,統一美國50,13.41,0.23,1.75,26W36,09/04,2,443,3.94,0.19,0,0,0.0,0.0,1,1292,25.3,0.55,1,1414,27.6,0.6
009812,野村日本東證,13.03,0.14,1.09,26W36,09/04,2,1347,26.6,1.45,0,0,0.0,0.0,-3,-1274,-16.9,-1.37,2,545,10.8,0.59
009813,貝萊德標普卓越50,11.4,0.18,1.6,26W36,09/04,2,57,0.48,0.02,0,0,0.0,0.0,22,184236,48.8,55.5,22,232852,61.6,70.2
009817,國泰日本不動產,9.1,0.07,0.78,26W36,09/04,2,1165,13.4,0.52,0,0,0.0,0.0,1,369,5.88,0.17,2,957,11.0,0.43
00981B,第一金優選非投債,9.15,0.0,0.0,26W36,09/04,2,4735,4.41,0.31,0,0,0.0,0.0,-5,-147308,-45.4,-9.56,-5,-150444,-46.4,-9.77
009825,聯邦美國金融創新,10.31,0.29,2.89,26W36,09/04,2,5,0.03,0.0,0,0,0.0,0.0,8,75831,77.7,60.1,8,75737,77.6,60.0
00982A,主動群益台灣強棒,22.96,0.55,2.45,26W36,09/04,2,56670,24.9,2.52,1,1800,1.48,0.08,1,13728,11.3,0.61,2,67805,29.7,3.02
00982D,主動富邦動態入息,9.66,0.01,0.1,26W36,09/04,2,36,1.08,0.05,0,0,0.0,0.0,-1,-80,-7.37,-0.1,-1,-64,-5.89,-0.08
00984D,主動聯博全球非投,9.9,-0.01,-0.1,26W36,09/04,2,633,0.24,0.06,0,0,0.0,0.0,-21,-979706,-62.9,-86.6,-21,-999615,-64.1,-88.4
00986D,主動復華金融債息,14.34,0.03,0.21,26W36,09/04,2,299,6.18,0.21,0,0,0.0,0.0,21,69362,45.1,47.6,21,80653,52.4,55.4
00987A,主動台新優勢成長,16.4,0.23,1.42,26W36,09/04,2,1661,7.01,1.07,0,0,0.0,0.0,4,10807,23.8,6.94,7,14207,14.6,9.13
00988B,玉山嚴選非投債,19.49,0.0,0.0,26W36,09/04,2,613,3.63,0.38,0,0,0.0,0.0,-5,-39625,-57.3,-24.6,-5,-40748,-58.9,-25.3
00989A,主動摩根美國科技,16.99,0.46,2.78,26W36,09/04,2,1521,14.8,2.27,0,0,0.0,0.0,1,187,4.63,0.28,22,57362,25.6,85.5
1110,東泥,16.3,0.2,1.24,26W36,09/04,2,145,9.32,0.03,0,0,0.0,0.0,4,51,1.12,0.01,4,471,10.3,0.08
1225,福懋油,25.0,0.1,0.4,26W36,09/04,2,102,6.44,0.04,0,0,0.0,0.0,-1,-1,-0.13,0.0,2,106,6.69,0.04
1301,台塑,66.0,0.3,0.46,26W36,09/04,2,68620,15.4,1.08,-1,-1546,-0.58,-0.02,2,3176,0.71,0.05,2,72861,16.3,1.14
1323,永裕,21.25,-0.1,-0.47,26W36,09/04,2,5,1.89,0.01,0,0,0.0,0.0,1,2,1.57,0.0,1,5,3.65,0.01
1326,台化,69.8,0.1,0.14,26W36,09/04,2,75815,14.8,1.29,3,1413,0.23,0.02,-1,-182,-0.05,0.0,2,76638,15.0,1.31
1336,台翰,16.15,0.05,0.31,26W36,09/04,2,261,8.28,0.34,0,0,0.0,0.0,2,17,0.54,0.02,2,278,8.82,0.36
1438,三地開發,22.4,0.1,0.45,26W36,09/04,2,68,18.5,0.06,0,0,0.0,0.0,0,0,0.0,0.0,2,69,18.7,0.06
1466,聚隆,15.95,0.25,1.59,26W36,09/04,2,208,8.88,0.19,0,0,0.0,0.0,0,0,0.0,0.0,2,215,9.18,0.19
1472,三洋實業,89.9,1.7,1.93,26W36,09/04,2,22,6.42,0.04,0,0,0.0,0.0,1,1,0.87,0.0,2,23,6.71,0.04
1473,台南,20.1,0.0,0.0,26W36,09/04,2,40,11.9,0.03,0,0,0.0,0.0,1,1,0.65,0.0,2,41,12.1,0.03
1475,業旺,26.4,0.15,0.57,26W36,09/04,2,7,5.74,0.01,0,0,0.0,0.0,0,0,0.0,0.0,2,8,6.56,0.01
1540,喬福,19.85,0.15,0.76,26W36,09/04,2,192,17.1,0.22,0,0,0.0,0.0,-2,-2,-0.18,0.0,2,190,16.9,0.22
1605,華新,38.4,0.8,2.13,26W36,09/04,2,27133,11.9,0.61,2,634,0.28,0.01,-1,-850,-0.94,-0.02,-1,-70,-0.08,0.0
1618,合機,39.65,0.15,0.38,26W36,09/04,2,673,13.6,0.35,0,0,0.0,0.0,-3,-206,-2.6,-0.11,2,645,13.0,0.33
1626,艾美特-KY,9.66,0.03,0.31,26W36,09/04,2,64,8.78,0.04,0,0,0.0,0.0,1,3,1.23,0.0,2,66,9.05,0.04
1708,東鹼,51.2,0.6,1.19,26W36,09/04,2,451,1.46,0.18,-5,-30,-0.04,-0.01,-1,-10,-0.07,0.0,2,497,1.61,0.2
1712,興農,40.65,0.05,0.12,26W36,09/04,2,1234,6.9,0.29,-1,-47,-0.34,-0.01,-1,-30,-0.22,-0.01,2,1161,6.49,0.28
1717,長興,76.1,-0.7,-0.91,26W36,09/04,2,29457,11.6,2.49,2,3959,1.55,0.33,-1,-1258,-0.72,-0.11,2,33916,13.3,2.86
1721,三晃,20.4,0.4,2.0,26W36,09/04,2,310,5.2,0.17,0,0,0.0,0.0,2,5,0.08,0.0,2,315,5.28,0.17
1777,生泰,75.2,0.9,1.21,26W36,09/04,2,39,8.75,0.09,0,0,0.0,0.0,1,1,0.26,0.0,2,40,8.89,0.09
2059,川湖,13860.0,410.0,3.05,26W36,09/04,2,275,5.07,0.29,-1,-225,-7.77,-0.24,3,93,1.04,0.1,-1,-55,-1.91,-0.06
2063,世鎧,23.8,-0.2,-0.83,26W36,09/04,2,22,5.7,0.05,0,0,0.0,0.0,-1,0,-0.21,0.0,2,24,6.27,0.05
2207,和泰車,539.0,18.0,3.45,26W36,09/04,2,236,9.07,0.04,7,242,1.7,0.04,-1,-9,-0.53,0.0,2,287,11.0,0.05
2302,麗正,43.1,0.75,1.77,26W36,09/04,2,1453,4.43,0.87,-4,-7,-0.01,0.0,-1,-58,-0.42,-0.04,2,1414,4.31,0.85
2312,金寶,32.85,1.05,3.3,26W36,09/04,2,16785,15.6,1.11,2,12,0.01,0.0,1,320,0.48,0.02,2,16730,15.6,1.11
2313,華通,249.5,13.5,5.72,26W36,09/04,2,17264,3.91,1.4,3,17028,3.13,1.38,4,2590,0.39,0.21,3,34874,6.42,2.83
2328,廣宇,46.6,0.8,1.75,26W36,09/04,2,3991,20.9,0.77,0,0,0.0,0.0,2,75,0.4,0.01,2,4068,21.3,0.78
2329,華泰,42.9,0.65,1.54,26W36,09/04,2,1910,10.5,0.29,0,0,0.0,0.0,-1,-46,-0.54,-0.01,2,1917,10.6,0.29
2340,台亞,34.05,0.85,2.56,26W36,09/04,2,5177,13.3,1.18,0,0,0.0,0.0,-1,-225,-1.71,-0.05,2,5399,13.9,1.23
2342,茂矽,39.7,0.2,0.51,26W36,09/04,2,1591,7.63,1.01,0,0,0.0,0.0,4,13,0.02,0.01,2,1600,7.67,1.02
2351,順德,239.5,16.5,7.4,26W36,09/04,2,6798,9.4,3.73,2,906,1.25,0.5,-1,-108,-0.4,-0.06,2,7807,10.8,4.29
2353,宏碁,32.7,1.45,4.64,26W36,09/04,2,26523,18.0,0.87,3,7876,3.38,0.26,-1,-247,-0.24,-0.01,2,33383,22.7,1.1
2354,鴻準,65.6,1.9,2.98,26W36,09/04,2,24674,16.6,1.74,-5,-84,-0.02,-0.01,2,1715,1.15,0.12,2,26357,17.7,1.86
2357,華碩,1025.0,54.0,5.56,26W36,09/04,2,7251,21.6,0.98,1,2409,10.5,0.32,1,56,0.25,0.01,2,9575,28.6,1.29
2362,藍天,49.3,2.05,4.34,26W36,09/04,2,1554,12.8,0.25,0,0,0.0,0.0,-1,-15,-0.21,0.0,2,1559,12.9,0.25
2376,技嘉,361.0,10.5,3.0,26W36,09/04,2,2033,3.95,0.3,1,1024,3.13,0.15,-3,-742,-0.72,-0.11,1,1833,5.61,0.27
2377,微星,161.5,11.0,7.31,26W36,09/04,2,26544,25.3,3.14,4,2425,0.77,0.29,1,686,0.93,0.08,2,28601,27.2,3.39
2387,精元,36.4,-0.2,-0.55,26W36,09/04,2,184,8.24,0.09,-1,-7,-0.61,0.0,-1,-10,-0.83,-0.01,2,171,7.66,0.09
2409,友達,26.8,0.25,0.94,26W36,09/04,2,97505,6.92,1.29,-3,-2597,-0.12,-0.03,-1,-654,-0.07,-0.01,2,94638,6.71,1.25
2417,圓剛,42.4,0.7,1.68,26W36,09/04,2,664,11.8,0.42,0,0,0.0,0.0,3,11,0.08,0.01,2,671,11.9,0.43
2421,建準,178.0,13.5,8.21,26W36,09/04,2,17115,21.2,5.96,1,193,0.36,0.07,2,510,0.63,0.18,2,17818,22.1,6.21
2428,興勤,260.0,15.5,6.34,26W36,09/04,2,661,4.11,0.52,-2,-1992,-12.4,-1.55,4,162,0.43,0.13,1,307,3.79,0.24
2453,凌群,51.8,0.0,0.0,26W36,09/04,2,249,16.2,0.25,0,0,0.0,0.0,1,1,0.13,0.0,2,248,16.2,0.25
2455,全新,528.0,3.0,0.57,26W36,09/04,2,12783,8.1,6.91,1,4104,2.93,2.22,-1,-1667,-1.19,-0.9,2,17222,10.9,9.31
2460,建通,28.5,0.25,0.88,26W36,09/04,2,197,8.01,0.12,0,0,0.0,0.0,-1,-5,-0.39,0.0,2,193,7.84,0.11
2465,麗臺,99.2,3.0,3.12,26W36,09/04,2,2446,4.71,2.6,0,0,0.0,0.0,1,22,0.07,0.02,2,2464,4.74,2.62
2471,資通,50.2,0.2,0.4,26W36,09/04,2,242,26.2,0.51,0,0,0.0,0.0,1,5,0.92,0.01,2,233,25.2,0.49
2474,可成,209.5,3.0,1.45,26W36,09/04,2,1254,4.23,0.23,1,189,1.1,0.04,-4,-759,-1.16,-0.14,2,998,3.36,0.19
2478,大毅,125.5,11.0,9.61,26W36,09/04,2,1509,3.3,1.04,-2,-71,-0.16,-0.05,-1,-37,-0.21,-0.03,3,2710,3.02,1.87
2491,吉祥全,42.0,-3.0,-6.67,26W36,09/04,2,3696,9.72,4.51,0,0,0.0,0.0,-1,-5,-0.03,-0.01,2,3690,9.7,4.5
2492,華新科,298.5,27.0,9.94,26W36,09/04,2,9029,3.21,1.86,-1,-303,-0.19,-0.06,-1,-2164,-1.34,-0.45,2,8507,3.03,1.75
2610,華航,20.45,-0.1,-0.49,26W36,09/04,2,19921,8.45,0.33,7,33794,2.63,0.55,-1,-811,-0.99,-0.01,2,24651,10.5,0.4
2712,遠雄來,14.45,0.25,1.76,26W36,09/04,2,11,14.1,0.01,0,0,0.0,0.0,0,0,0.0,0.0,2,13,16.7,0.01
2732,六角,63.2,0.2,0.32,26W36,09/04,2,27,10.2,0.06,0,0,0.0,0.0,1,0,0.15,0.0,2,27,10.3,0.06
2881A,富邦特,61.7,-0.1,-0.16,26W36,09/04,2,15,1.79,0.0,0,0,0.0,0.0,0,0,0.0,0.0,2,15,1.79,0.0
2882,國泰金,115.0,2.5,2.22,26W36,09/04,2,15822,5.94,0.11,2,14123,5.3,0.1,2,1074,0.4,0.01,2,31019,11.6,0.21
2883,凱基金,36.7,0.8,2.23,26W36,09/04,2,127545,24.8,0.69,1,1901,0.6,0.01,-5,-9881,-0.87,-0.05,12,648060,18.5,3.49
2890,永豐金,42.85,0.25,0.59,26W36,09/04,2,43987,17.1,0.3,1,10840,6.49,0.07,-5,-10851,-1.8,-0.07,15,666084,21.1,4.5
2908,特力,22.25,0.15,0.68,26W36,09/04,2,252,11.4,0.05,0,0,0.0,0.0,1,40,3.46,0.01,2,263,11.9,0.05
2929,淘帝-KY,5.77,0.12,2.12,26W36,09/04,2,84,9.48,0.08,0,0,0.0,0.0,1,1,0.19,0.0,2,75,8.46,0.07
3027,盛達,18.25,0.3,1.67,26W36,09/04,2,405,26.8,0.31,0,0,0.0,0.0,2,2,0.1,0.0,2,407,26.9,0.31
3032,偉訓,78.8,0.0,0.0,26W36,09/04,2,205,6.73,0.18,0,0,0.0,0.0,-5,-162,-1.14,-0.14,2,145,4.77,0.13
3035,智原,179.5,-0.5,-0.28,26W36,09/04,2,1787,6.83,0.69,0,0,0.0,0.0,-1,-139,-0.91,-0.05,5,8258,9.79,3.17
3041,揚智,23.3,0.35,1.53,26W36,09/04,2,329,5.06,0.23,0,0,0.0,0.0,-2,-25,-0.38,-0.02,2,304,4.68,0.21
3094,聯傑,46.5,4.2,9.93,26W36,09/04,2,4770,7.71,5.74,0,0,0.0,0.0,1,4,0.01,0.0,2,4771,7.71,5.74
3118,進階,31.4,-0.1,-0.32,26W36,09/04,2,4,1.83,0.01,0,0,0.0,0.0,-1,-6,-4.62,-0.02,-1,-3,-2.34,-0.01
3122,笙泉,25.2,0.05,0.2,26W36,09/04,2,38,6.47,0.09,0,0,0.0,0.0,1,0,0.05,0.0,2,38,6.5,0.09
3131,弘塑,2385.0,20.0,0.85,26W36,09/04,2,368,6.93,1.23,1,116,5.02,0.39,-1,-30,-1.27,-0.1,2,365,6.87,1.22
3138,耀登,95.5,2.5,2.69,26W36,09/04,2,104,7.38,0.18,0,0,0.0,0.0,2,5,0.38,0.01,2,109,7.76,0.19
3141,晶宏,102.5,2.5,2.5,26W36,09/04,2,3949,5.49,5.23,0,0,0.0,0.0,1,61,0.09,0.08,2,3998,5.56,5.3
3168,眾福科,42.75,0.3,0.71,26W36,09/04,2,24,18.7,0.03,0,0,0.0,0.0,1,2,2.3,0.0,2,23,17.8,0.03
3219,倚強科,91.3,0.8,0.88,26W36,09/04,2,1312,11.5,1.83,0,0,0.0,0.0,-1,-30,-0.48,-0.04,4,1749,12.4,2.44
3257,虹冠電,49.7,0.05,0.1,26W36,09/04,2,69,3.48,0.09,0,0,0.0,0.0,0,0,0.0,0.0,2,68,3.43,0.09
3317,尼克森,62.6,1.6,2.62,26W36,09/04,2,202,2.62,0.22,0,0,0.0,0.0,-8,-208,-0.41,-0.23,2,160,2.08,0.18
3324,雙鴻,1485.0,135.0,10.0,26W36,09/04,2,9678,17.1,10.4,2,1586,2.81,1.7,2,445,0.79,0.48,2,11708,20.7,12.6
3362,先進光,210.0,12.0,6.06,26W36,09/04,2,1932,2.98,1.31,0,0,0.0,0.0,3,538,0.52,0.36,2,2453,3.79,1.66
3374,精材,430.0,30.0,7.5,26W36,09/04,2,15763,9.53,5.81,3,11614,4.45,4.28,-1,-917,-1.17,-0.34,2,27034,16.3,9.96
3379,彬台,28.15,-0.35,-1.23,26W36,09/04,2,180,19.1,0.47,0,0,0.0,0.0,1,0,0.1,0.0,2,181,19.1,0.47
3406,玉晶光,1055.0,64.0,6.46,26W36,09/04,2,4437,6.29,3.94,4,7471,6.79,6.63,-1,-268,-0.85,-0.24,5,10699,8.8,9.49
3430,奇鈦科,105.5,0.0,0.0,26W36,09/04,2,194,8.83,0.58,0,0,0.0,0.0,-2,-7,-0.34,-0.02,2,187,8.49,0.55
3515,華擎,227.0,7.0,3.18,26W36,09/04,2,909,17.0,0.74,2,16,0.3,0.01,1,7,0.18,0.01,2,926,17.3,0.75
3521,台鋼建設,12.1,0.05,0.41,26W36,09/04,2,8,3.14,0.0,0,0,0.0,0.0,2,0,0.11,0.0,2,8,3.25,0.0
3541,西柏,21.65,0.1,0.46,26W36,09/04,2,19,7.42,0.03,0,0,0.0,0.0,1,0,0.34,0.0,2,19,7.36,0.03
3563,牧德,693.0,17.0,2.51,26W36,09/04,2,178,3.94,0.28,1,8,0.27,0.01,-1,-9,-0.3,-0.01,2,178,3.93,0.28
3576,聯合再生,17.15,0.1,0.59,26W36,09/04,2,2363,1.98,0.15,0,0,0.0,0.0,-1,-77,-0.11,0.0,2,2335,1.96,0.14
3591,艾笛森,24.9,2.2,9.69,26W36,09/04,2,1995,16.3,1.37,0,0,0.0,0.0,-2,-55,-0.45,-0.04,4,2091,12.0,1.44
3609,三一東林,18.75,0.75,4.17,26W36,09/04,2,194,8.89,0.5,0,0,0.0,0.0,2,1,0.03,0.0,2,195,8.92,0.51
3615,安可,36.5,0.75,2.1,26W36,09/04,2,311,6.59,0.45,0,0,0.0,0.0,-1,0,-0.01,0.0,2,320,6.8,0.47
3661,世芯-KY,4220.0,170.0,4.2,26W36,09/04,2,361,1.99,0.42,2,392,2.17,0.46,2,344,1.9,0.4,2,1097,6.06,1.27
3673,TPK-KY,65.5,0.8,1.24,26W36,09/04,2,2413,4.12,0.59,0,0,0.0,0.0,-1,-260,-1.12,-0.06,2,2421,4.13,0.6
3687,歐買尬,62.9,-0.3,-0.47,26W36,09/04,2,56,12.0,0.19,0,0,0.0,0.0,1,2,0.6,0.01,2,57,12.1,0.19
3693,營邦,663.0,15.0,2.31,26W36,09/04,2,2957,17.5,6.88,0,0,0.0,0.0,2,243,1.44,0.57,2,3200,18.9,7.44
3706,神達,92.5,1.0,1.09,26W36,09/04,2,4744,4.34,0.36,3,7492,5.08,0.56,5,4100,1.43,0.31,2,10633,9.72,0.8
3707,漢磊,62.0,1.5,2.48,26W36,09/04,2,1487,4.78,0.37,0,0,0.0,0.0,-3,-26,-0.05,-0.01,2,1470,4.73,0.37
3712,永崴投控,21.2,0.2,0.95,26W36,09/04,2,3891,21.3,1.58,0,0,0.0,0.0,0,0,0.0,0.0,2,3879,21.2,1.58
4113,聯上,14.95,-0.15,-0.99,26W36,09/04,2,369,31.1,0.16,0,0,0.0,0.0,-1,0,-0.09,0.0,2,369,31.1,0.16
4401,東隆興,14.2,0.1,0.71,26W36,09/04,2,9,2.17,0.01,0,0,0.0,0.0,-2,-2,-0.38,0.0,-1,0,-0.2,0.0
4414,如興,8.22,0.03,0.37,26W36,09/04,2,223,15.8,0.08,0,0,0.0,0.0,-1,-17,-2.38,-0.01,4,414,12.2,0.16
4430,耀億,17.7,0.05,0.28,26W36,09/04,2,20,5.91,0.04,0,0,0.0,0.0,0,0,0.0,0.0,2,20,5.91,0.04
4545,銘鈺,31.8,0.15,0.47,26W36,09/04,2,35,5.63,0.05,0,0,0.0,0.0,0,0,0.0,0.0,2,36,5.79,0.05
4561,健椿,43.5,0.8,1.87,26W36,09/04,2,202,10.1,0.35,0,0,0.0,0.0,-1,-6,-0.72,-0.01,2,201,10.0,0.34
4562,穎漢,30.35,0.25,0.83,26W36,09/04,2,286,23.4,0.33,0,0,0.0,0.0,-1,-1,-0.19,0.0,4,675,14.6,0.77
4576,大銀微系統,238.0,7.0,3.03,26W36,09/04,2,1462,4.5,1.22,0,0,0.0,0.0,1,158,0.64,0.13,2,1604,4.94,1.34
4585,達明,294.5,6.5,2.26,26W36,09/04,2,138,7.2,0.13,0,0,0.0,0.0,-1,-6,-0.58,-0.01,-1,-3,-0.28,0.0
4729,熒茂,19.0,0.0,0.0,26W36,09/04,2,108,13.3,0.14,0,0,0.0,0.0,-2,0,-0.06,0.0,2,107,13.3,0.14
4754,國碳科,38.5,-0.15,-0.39,26W36,09/04,2,5,1.55,0.02,0,0,0.0,0.0,0,0,0.0,0.0,2,5,1.55,0.02
4903,聯光通,36.95,-0.3,-0.81,26W36,09/04,2,620,5.79,0.59,0,0,0.0,0.0,0,0,0.0,0.0,2,620,5.79,0.59
4905,台聯電,85.9,0.1,0.12,26W36,09/04,2,11,2.81,0.04,0,0,0.0,0.0,1,6,2.74,0.02,3,41,2.84,0.14
4919,新唐,120.0,5.0,4.35,26W36,09/04,2,1386,5.72,0.33,1,4,0.04,0.0,-1,-95,-0.93,-0.02,2,1412,5.83,0.34
4952,凌通,50.6,0.4,0.8,26W36,09/04,2,870,27.7,0.8,0,0,0.0,0.0,-2,-17,-0.53,-0.02,2,853,27.2,0.78
4966,譜瑞-KY,569.0,11.0,1.97,26W36,09/04,2,407,5.8,0.52,-2,-800,-11.4,-1.01,2,21,0.31,0.03,1,49,1.65,0.06
4968,立積,91.0,0.6,0.66,26W36,09/04,2,227,7.06,0.25,0,0,0.0,0.0,1,0,0.02,0.0,2,223,6.92,0.24
4976,佳凌,38.3,0.6,1.59,26W36,09/04,2,1276,2.17,0.9,0,0,0.0,0.0,1,3,0.01,0.0,2,1222,2.08,0.87
5203,訊連,58.8,0.0,0.0,26W36,09/04,2,123,12.5,0.16,0,0,0.0,0.0,-4,-142,-4.69,-0.18,1,41,9.92,0.05
5230,雷笛克光學,17.7,-0.1,-0.56,26W36,09/04,2,107,10.7,0.19,0,0,0.0,0.0,1,0,0.0,0.0,2,107,10.7,0.19
5251,天鉞電,26.05,0.0,0.0,26W36,09/04,2,46,11.4,0.14,0,0,0.0,0.0,1,1,0.39,0.0,2,46,11.4,0.14
5272,笙科,16.9,0.0,0.0,26W36,09/04,2,32,6.2,0.06,0,0,0.0,0.0,-1,-1,-0.28,0.0,2,32,6.18,0.06
5291,邑昇,67.0,-1.7,-2.47,26W36,09/04,2,1396,6.3,3.33,0,0,0.0,0.0,-1,-20,-0.2,-0.05,2,1383,6.24,3.3
5314,世紀*,32.0,1.0,3.23,26W36,09/04,2,6743,10.7,0.56,1,27,0.09,0.0,-1,-3021,-10.3,-0.25,2,9727,15.4,0.81
5328,華容,61.0,2.0,3.39,26W36,09/04,2,440,0.72,0.25,0,0,0.0,0.0,-1,-19,-0.08,-0.01,2,436,0.72,0.25
5465,富驊,24.3,-0.15,-0.61,26W36,09/04,2,80,17.3,0.05,0,0,0.0,0.0,0,0,0.0,0.0,2,80,17.2,0.05
5471,松翰,61.1,1.2,2.0,26W36,09/04,2,1485,4.48,0.88,0,0,0.0,0.0,-1,-15,-0.13,-0.01,2,1506,4.54,0.9
5474,聰泰,149.0,3.0,2.05,26W36,09/04,2,74,7.09,0.19,0,0,0.0,0.0,-2,-6,-0.54,-0.01,2,68,6.56,0.17
5547,久舜,19.65,0.0,0.0,26W36,09/04,2,14,8.47,0.03,0,0,0.0,0.0,0,0,0.0,0.0,2,14,8.47,0.03
5604,中連,31.35,0.4,1.29,26W36,09/04,2,12,10.1,0.01,0,0,0.0,0.0,0,0,0.0,0.0,2,12,10.1,0.01
5701,劍湖山,4.24,-0.06,-1.4,26W36,09/04,2,58,4.05,0.04,0,0,0.0,0.0,0,0,0.0,0.0,2,58,4.05,0.04
5880,合庫金,26.65,-0.05,-0.19,26W36,09/04,2,76844,38.5,0.48,-2,-5860,-2.93,-0.04,2,733,0.37,0.0,3,100605,31.1,0.63
6015,宏遠證,16.8,0.4,2.44,26W36,09/04,2,1708,5.7,0.42,0,0,0.0,0.0,0,0,0.0,0.0,2,1708,5.7,0.42
6112,邁達特,45.9,0.95,2.11,26W36,09/04,2,658,23.5,0.35,0,0,0.0,0.0,1,15,0.89,0.01,2,633,22.6,0.34
6134,萬旭,29.3,0.7,2.45,26W36,09/04,2,379,25.1,0.46,0,0,0.0,0.0,-2,-45,-2.96,-0.05,2,335,22.2,0.41
6138,茂達,286.5,6.5,2.32,26W36,09/04,2,141,2.12,0.19,1,1,0.04,0.0,2,13,0.2,0.02,1,17,0.76,0.02
6151,晉倫,35.3,0.05,0.14,26W36,09/04,2,115,12.0,0.21,0,0,0.0,0.0,-3,-9,-0.52,-0.02,2,113,11.8,0.2
6163,華電網,41.2,0.9,2.23,26W36,09/04,2,879,17.6,0.59,0,0,0.0,0.0,-2,-17,-0.35,-0.01,2,862,17.3,0.58
6165,浪凡,48.9,-0.3,-0.61,26W36,09/04,2,525,9.18,0.68,0,0,0.0,0.0,4,114,1.25,0.15,2,633,11.1,0.81
6194,育富,29.65,0.0,0.0,26W36,09/04,2,18,5.51,0.04,0,0,0.0,0.0,1,0,0.03,0.0,2,17,5.29,0.04
6198,瑞築,19.75,-0.05,-0.25,26W36,09/04,2,7,5.38,0.0,0,0,0.0,0.0,0,0,0.0,0.0,2,7,5.38,0.0
6202,盛群,58.8,1.8,3.16,26W36,09/04,2,1479,13.8,0.64,-4,-475,-1.49,-0.21,-1,-18,-0.35,-0.01,2,1021,9.51,0.44
6203,海韻電,60.7,0.4,0.66,26W36,09/04,2,58,9.61,0.07,0,0,0.0,0.0,-2,-2,-0.29,0.0,2,57,9.31,0.07
6208,日揚,74.2,-2.3,-3.01,26W36,09/04,2,95,3.55,0.1,0,0,0.0,0.0,7,19,0.15,0.02,2,99,3.69,0.1
6226,光鼎,33.5,1.5,4.69,26W36,09/04,2,8444,3.71,7.31,-5,-14,0.0,-0.01,-1,-5,-0.01,0.0,2,8445,3.71,7.31
6230,尼得科超眾,110.5,4.5,4.25,26W36,09/04,2,69,22.1,0.08,0,0,0.0,0.0,-1,-1,-0.36,0.0,2,69,22.2,0.08
6231,系微,212.0,4.0,1.92,26W36,09/04,2,127,7.5,0.28,0,0,0.0,0.0,2,9,0.54,0.02,2,136,8.04,0.3
6233,旺玖,20.85,-0.1,-0.48,26W36,09/04,2,94,7.47,0.12,0,0,0.0,0.0,1,1,0.13,0.0,2,95,7.51,0.12
6235,華孚,39.45,0.0,0.0,26W36,09/04,2,592,20.4,0.3,0,0,0.0,0.0,-3,-26,-0.54,-0.01,2,571,19.7,0.29
6285,啟碁,243.5,10.0,4.28,26W36,09/04,2,3438,8.01,0.71,-3,-1320,-2.26,-0.27,-1,-126,-0.62,-0.03,2,2196,5.12,0.45
6411,晶焱,80.2,1.2,1.52,26W36,09/04,2,171,6.31,0.17,0,0,0.0,0.0,-9,-229,-1.01,-0.23,2,165,6.1,0.17
6426,統新,269.5,4.0,1.51,26W36,09/04,2,1135,4.17,2.95,1,151,1.16,0.39,-1,-178,-1.37,-0.46,2,1328,4.88,3.45
6432,今展科,60.9,1.6,2.7,26W36,09/04,2,144,2.57,0.36,0,0,0.0,0.0,-3,-38,-0.45,-0.1,2,126,2.24,0.31
6442,光聖,1755.0,-15.0,-0.85,26W36,09/04,2,692,2.02,0.86,1,471,2.11,0.59,3,193,0.4,0.24,1,1131,5.06,1.41
6498,久禾光,75.4,1.4,1.89,26W36,09/04,2,194,10.5,0.41,0,0,0.0,0.0,1,0,0.04,0.0,2,194,10.5,0.41
6532,瑞耘,98.0,-1.8,-1.8,26W36,09/04,2,435,4.42,1.16,0,0,0.0,0.0,5,86,0.47,0.23,2,504,5.12,1.35
6548,長科*,75.2,3.9,5.47,26W36,09/04,2,892,3.03,0.09,1,490,3.81,0.05,2,58,0.2,0.01,6,6061,5.97,0.64
6560,欣普羅,31.4,0.2,0.64,26W36,09/04,2,12,8.82,0.04,0,0,0.0,0.0,-1,0,-0.02,0.0,2,12,8.81,0.04
6584,南俊國際,634.0,5.0,0.79,26W36,09/04,2,322,2.13,0.45,1,7,0.08,0.01,-1,-57,-0.67,-0.08,2,340,2.25,0.48
6590,普鴻,66.0,0.5,0.76,26W36,09/04,2,8,6.5,0.03,0,0,0.0,0.0,0,0,0.0,0.0,2,8,6.5,0.03
6606,建德工業,25.4,-0.2,-0.78,26W36,09/04,2,64,7.6,0.06,0,0,0.0,0.0,1,6,1.15,0.01,2,57,6.75,0.05
6617,共信-KY,123.0,9.5,8.37,26W36,09/04,2,422,3.0,0.33,0,0,0.0,0.0,2,0,0.0,0.0,2,423,3.01,0.33
6620,漢達,107.5,9.5,9.69,26W36,09/04,2,1135,5.43,0.67,0,0,0.0,0.0,2,200,0.96,0.12,2,1335,6.39,0.79
6645,金萬林-創,12.35,-0.05,-0.4,26W36,09/04,2,21,8.53,0.03,0,0,0.0,0.0,-1,-2,-1.47,0.0,2,23,9.51,0.04
6654,天正國際,219.5,4.5,2.09,26W36,09/04,2,53,6.06,0.13,0,0,0.0,0.0,1,6,0.71,0.01,2,56,6.4,0.14
6655,科定,117.5,3.5,3.07,26W36,09/04,2,12,31.2,0.01,0,0,0.0,0.0,2,2,5.02,0.0,2,14,36.2,0.02
6674,鋐寶科技,15.65,-0.15,-0.95,26W36,09/04,2,13,2.62,0.02,0,0,0.0,0.0,3,4,0.42,0.01,2,16,3.22,0.02
6697,東捷資訊,40.6,-0.65,-1.58,26W36,09/04,2,45,20.4,0.16,0,0,0.0,0.0,1,1,0.77,0.0,2,46,20.9,0.17
6727,亞泰金屬,541.0,-9.0,-1.64,26W36,09/04,2,392,1.86,1.46,2,687,3.26,2.56,-1,-38,-0.33,-0.14,2,1063,5.05,3.95
6756,威鋒電子,101.5,1.0,1.0,26W36,09/04,2,392,26.1,0.56,0,0,0.0,0.0,1,0,0.03,0.0,2,392,26.0,0.56
6768,志強-KY,64.1,0.1,0.16,26W36,09/04,2,187,4.8,0.09,-5,-992,-6.7,-0.5,-1,-3,-0.14,0.0,-1,-20,-0.82,-0.01
6781,AES-KY,1115.0,55.0,5.19,26W36,09/04,2,375,5.52,0.44,2,18,0.27,0.02,-1,-29,-0.96,-0.03,2,415,6.1,0.49
6805,富世達,2200.0,105.0,5.01,26W36,09/04,2,1579,7.35,2.3,-1,-1565,-19.2,-2.28,-1,-35,-0.43,-0.05,-1,-40,-0.49,-0.06
6835,圓裕,31.0,-0.05,-0.16,26W36,09/04,2,20,11.1,0.03,0,0,0.0,0.0,0,0,0.0,0.0,2,21,11.6,0.03
6855,數泓科,120.5,3.5,2.99,26W36,09/04,2,6,14.0,0.03,0,0,0.0,0.0,0,0,0.0,0.0,2,6,14.0,0.03
6908,宏碁遊戲-創,30.1,0.0,0.0,26W36,09/04,2,4,2.66,0.01,0,0,0.0,0.0,-1,-2,-2.78,-0.01,-1,-1,-1.46,0.0
6922,宸曜,208.5,7.5,3.73,26W36,09/04,2,60,2.97,0.22,0,0,0.0,0.0,-1,-8,-1.21,-0.03,2,87,4.31,0.32
6924,榮惠-KY創,123.0,9.5,8.37,26W36,09/04,2,57,17.6,0.28,0,0,0.0,0.0,-2,-16,-4.9,-0.08,2,41,12.7,0.2
6933,AMAX-KY,317.0,15.0,4.97,26W36,09/04,2,2545,18.1,6.0,0,0,0.0,0.0,2,105,0.75,0.25,2,2650,18.9,6.25
6937,天虹,283.0,5.0,1.8,26W36,09/04,2,301,5.88,0.45,0,0,0.0,0.0,2,78,1.52,0.12,2,379,7.41,0.56
6982,大井泵浦,47.35,-0.3,-0.63,26W36,09/04,2,16,10.4,0.04,0,0,0.0,0.0,-2,0,-0.03,0.0,2,16,10.4,0.04
7716,昱臺國際,23.5,-0.3,-1.26,26W36,09/04,2,3,8.32,0.01,0,0,0.0,0.0,0,0,0.0,0.0,2,3,8.32,0.01
7717,萊德光電-KY,449.5,40.5,9.9,26W36,09/04,2,402,14.3,1.62,0,0,0.0,0.0,2,33,1.19,0.13,2,436,15.5,1.75
7743,金利食安,21.7,-0.1,-0.46,26W36,09/04,2,5,2.99,0.01,0,0,0.0,0.0,0,0,0.0,0.0,2,5,2.99,0.01
7751,竑騰,1610.0,145.0,9.9,26W36,09/04,2,234,2.77,0.87,-1,-196,-5.48,-0.73,-2,-89,-1.05,-0.33,-1,-113,-3.17,-0.42
7753,星亞,36.5,0.2,0.55,26W36,09/04,2,17,7.3,0.07,0,0,0.0,0.0,0,0,0.0,0.0,2,17,7.3,0.07
7767,仁大資訊,44.95,0.0,0.0,26W36,09/04,2,7,3.17,0.02,0,0,0.0,0.0,0,0,0.0,0.0,2,7,3.17,0.02
7770,君曜,35.0,-0.75,-2.1,26W36,09/04,2,9,8.39,0.03,0,0,0.0,0.0,-30,-347,-11.5,-1.15,-1,-1,-1.48,0.0
7792,安葆,308.0,3.0,0.98,26W36,09/04,2,174,4.34,0.37,0,0,0.0,0.0,7,100,0.64,0.21,2,182,4.52,0.39
7803,雲象科技-創,19.5,0.4,2.09,26W36,09/04,2,43,16.2,0.05,0,0,0.0,0.0,3,14,2.94,0.01,2,53,19.9,0.06
7821,神數,39.55,0.15,0.38,26W36,09/04,2,32,3.89,0.03,0,0,0.0,0.0,0,0,0.0,0.0,1,27,7.86,0.02
8050,廣積,56.4,2.2,4.06,26W36,09/04,2,879,9.18,0.43,0,0,0.0,0.0,-4,-296,-0.55,-0.14,2,852,8.9,0.42
8054,安國,82.5,2.4,3.0,26W36,09/04,2,383,5.91,0.35,0,0,0.0,0.0,2,7,0.11,0.01,2,390,6.02,0.36
8085,福華,15.2,0.2,1.33,26W36,09/04,2,216,1.8,0.15,0,0,0.0,0.0,2,6,0.05,0.0,2,222,1.85,0.16
8103,瀚荃,122.5,1.5,1.24,26W36,09/04,2,3975,5.03,5.07,0,0,0.0,0.0,1,9,0.03,0.01,2,3888,4.92,4.96
8107,大億金茂,12.4,0.05,0.4,26W36,09/04,2,20,5.56,0.03,0,0,0.0,0.0,2,1,0.32,0.0,2,21,5.88,0.03
8150,南茂,90.1,1.0,1.12,26W36,09/04,2,11717,5.07,1.66,2,151,0.07,0.02,-1,-233,-0.19,-0.03,2,11838,5.13,1.68
8210,勤誠,986.0,38.0,4.01,26W36,09/04,2,759,5.66,0.61,-4,-3110,-9.83,-2.48,2,75,0.56,0.06,-1,-164,-2.62,-0.13
8234,新漢,68.3,2.4,3.64,26W36,09/04,2,937,20.3,0.66,0,0,0.0,0.0,-1,-29,-1.24,-0.02,2,917,19.9,0.65
8299,群聯,2015.0,15.0,0.75,26W36,09/04,2,1760,3.2,0.8,-6,-2529,-1.5,-1.14,-2,-126,-0.23,-0.06,2,1424,2.59,0.64
8358,金居,500.0,30.0,6.38,26W36,09/04,2,2946,1.24,1.17,-2,-263,-0.11,-0.1,-3,-1808,-0.51,-0.72,2,1323,0.56,0.52
8374,羅昇,81.7,2.5,3.16,26W36,09/04,2,123,4.35,0.11,0,0,0.0,0.0,-3,-44,-0.65,-0.04,2,97,3.45,0.09
8410,森田,30.4,-0.1,-0.33,26W36,09/04,2,25,10.2,0.07,0,0,0.0,0.0,-1,-4,-9.26,-0.01,3,27,7.27,0.07
8426,紅木-KY,20.8,0.15,0.73,26W36,09/04,2,46,17.7,0.09,0,0,0.0,0.0,0,0,0.0,0.0,2,45,17.5,0.09
8431,匯鑽科,68.8,5.1,8.01,26W36,09/04,2,1161,4.59,2.38,0,0,0.0,0.0,2,127,0.5,0.26,2,1288,5.09,2.64
8432,東生華,50.9,0.6,1.19,26W36,09/04,2,29,8.43,0.08,0,0,0.0,0.0,1,1,0.26,0.0,2,30,8.61,0.08
8437,大地-KY,9.23,0.02,0.22,26W36,09/04,2,35,26.6,0.07,0,0,0.0,0.0,-1,0,-0.01,0.0,2,35,26.7,0.07
8466,美吉吉-KY,15.1,-0.2,-1.31,26W36,09/04,2,21,11.3,0.03,0,0,0.0,0.0,2,2,0.84,0.0,2,23,12.2,0.03
8478,東哥遊艇,142.0,1.0,0.71,26W36,09/04,2,191,19.3,0.2,0,0,0.0,0.0,-2,-149,-15.0,-0.16,-1,-14,-2.92,-0.02
8916,光隆,40.95,0.0,0.0,26W36,09/04,2,60,11.2,0.04,0,0,0.0,0.0,-1,0,-0.09,0.0,2,63,11.8,0.04
9105,泰金寶-DR,8.65,0.11,1.29,26W36,09/04,2,11002,6.63,0.67,0,0,0.0,0.0,1,371,0.36,0.02,2,10645,6.41,0.65
9937,全國,55.2,0.1,0.18,26W36,09/04,2,27,8.95,0.01,0,0,0.0,0.0,0,0,0.0,0.0,2,31,10.3,0.01
9943,好樂迪,51.2,0.2,0.39,26W36,09/04,2,93,22.7,0.07,0,0,0.0,0.0,0,0,0.0,0.0,2,95,23.2,0.08
